Metric,Industry_Average,Top_Performer_Level,Jorge_System_Performance,Monthly_Value_Per_Metric
Lead Response Time,60 minutes,< 5 minutes,< 1 minute (instant),$200-500
Lead Conversion Rate,2-4%,5-10%,93%+ accuracy,"$1,000-3,000"
Time Saved Per Week,5-10 hours,15-25 hours,20+ hours,"$800-2,000"
Pipeline Value Growth,15-25%,50-100%,$2.4M active pipeline,"$500-2,000"
Cost Per Lead Reduction,10-15%,25-40%,40%+,$300-800
Lead Quality Score,15-20%,30-50%,93%+,"$400-1,000"
Deals Closed Growth,10-20%,30-50%,Data-driven optimization,"$2,000-5,000"
Agent Efficiency Improvement,20-30%,50-87%,87%,"$1,000-3,000"
Monthly Value Delivered,"$2,000-3,500","$8,000-15,000","$14,500-34,500",Combined total above
