Project_Scope,Cost_Low_End_USD,Cost_High_End_USD,Cost_Type,Timeframe
Basic AI Realtor App,20000,50000,One-Time,4-6 weeks
Intermediate AI with Chatbots,60000,120000,One-Time,8-12 weeks
Advanced Multi-Agent System,80000,200000,One-Time,12-16 weeks
Property Search App with AI,60000,150000,One-Time,8-12 weeks
Investment Analysis App,80000,200000,One-Time,12-16 weeks
Property Management App,50000,120000,One-Time,8-12 weeks
AI Assistant Development,35000,120000,One-Time,6-10 weeks
Custom Integration (GoHighLevel),5000,25000,One-Time,2-4 weeks
AI/NLP Model Training,8000,15000,One-Time,3-6 weeks
Data Migration & Setup,3000,10000,One-Time,1-2 weeks
QA & Testing,3000,6000,One-Time,2-4 weeks
Ongoing Monthly Maintenance,2000,5000,Recurring,Monthly
