Platform,Monthly_Price_USD,Category,Primary_Features
Offrs (Lead Gen Elite + AI),999,AI Lead Management,"Seller scoring, 60+ leads/month, AI"
Offrs (Lead Gen Pro + AI),699,AI Lead Management,"Seller scoring, 30+ leads/month, AI"
Top Producer Smart Targeting,599,AI Predictive Analytics,"Predictive analytics, Automated marketing"
KVCore (5 agents),500,Full CRM + AI,All-in-one for 5-agent team
Chime,500,Full CRM + AI,All-in-one for teams
Smartzip,500,AI Predictive Analytics,"AI seller prediction, Automated campaigns"
Structurely (Build),499,AI Lead Management,"30 seats, 225 leads/month"
GoHighLevel (Agency Pro),497,Full CRM Platform,Unlimited + SaaS reselling
Real Geeks,399,Full CRM + AI,Website + CRM + Lead scoring
Leadflow (AI Elite),399,AI Lead Management,"Elite AI features, Lead gen"
Offrs (Lead Gen),399,AI Lead Management,"Seller scoring, 15+ leads/month"
Structurely (Growth),299,AI Lead Management,"10 seats, 125 leads/month"
GoHighLevel (Unlimited),297,Full CRM Platform,"Unlimited sub-accounts, White-label"
Leadflow (AI Pro),199,AI Lead Management,Advanced AI automation
Structurely (Starter),179,AI Lead Management,"1 seat, 50 leads/month"
Leadflow (AI Starter),99,AI Lead Management,"Basic AI automation, Lead scoring"
StreamlineREI,99,AI Lead Management,"Predictive analytics, Multi-channel AI"
GoHighLevel (Starter),97,Full CRM Platform,"Basic CRM, 3 sub-accounts"
Follow Up Boss (Grow),69,CRM Platform,"Core CRM, 2-way texting"
LionDesk (PRO+),49,CRM Platform,"Full CRM, 5,000 emails, 1,000 texts"
LionDesk (Starter),25,CRM Platform,"Basic CRM, 1,000 emails"
