System_Component,Market_Equivalent_Monthly_Value_USD,Jorge_Benefit,Category,Percent_of_Total
Lead Qualification AI,299,Instant lead response,AI Core,9.1
Property Matching Engine,399,93%+ matching accuracy,AI Core,12.1
Behavioral Prediction Analytics,500,Predictive scoring,AI Core,15.2
Multi-Agent Workflow Automation,400,$2.4M pipeline value,Automation,12.2
Business Intelligence Dashboard,299,Real-time insights,Analytics,9.1
GoHighLevel CRM Integration,297,Full integration,Integration,9.0
Custom AI Training,500,Custom trained models,Training,15.2
Claude AI API Integration,100,Advanced AI capabilities,Infrastructure,3.0
Pipeline Management System,199,Active deal tracking,Management,6.0
Automated Follow-up System,299,87% time savings,Automation,9.1
