timestamp,model,provider,task_type,input_tokens,output_tokens,cache_creation_input_tokens,cache_read_input_tokens,total_tokens,cost_usd,accuracy_score,tenant_id,is_failover
2026-01-22T07:21:01.495789,mock-model,mock,general,10,20,0,0,30,9e-06,N/A,system,False
2026-01-22T07:21:01.496408,mock-model,mock,general,10,20,0,0,30,9e-06,N/A,system,False
2026-01-22T07:21:01.496468,mock-model,mock,general,10,20,0,0,30,9e-06,N/A,system,False
2026-01-22T07:21:01.496505,mock-model,mock,general,10,20,0,0,30,9e-06,N/A,system,False
2026-01-22T07:21:01.496547,mock-model,mock,general,10,20,0,0,30,9e-06,N/A,system,False
2026-01-22T07:21:01.496578,mock-model,mock,general,10,20,0,0,30,9e-06,N/A,system,False
2026-01-22T07:21:01.496616,mock-model,mock,general,10,20,0,0,30,9e-06,N/A,system,False
2026-01-22T07:21:01.496647,mock-model,mock,general,10,20,0,0,30,9e-06,N/A,system,False
2026-01-22T07:21:01.496682,mock-model,mock,general,10,20,0,0,30,9e-06,N/A,system,False
2026-01-22T07:21:01.496711,mock-model,mock,general,10,20,0,0,30,9e-06,N/A,system,False
2026-01-22T07:21:01.496747,mock-model,mock,general,10,20,0,0,30,9e-06,N/A,system,False
2026-01-22T07:21:01.496776,mock-model,mock,general,10,20,0,0,30,9e-06,N/A,system,False
2026-01-22T07:21:01.496808,mock-model,mock,general,10,20,0,0,30,9e-06,N/A,system,False
2026-01-22T07:21:01.496837,mock-model,mock,general,10,20,0,0,30,9e-06,N/A,system,False
2026-01-22T07:21:01.496869,mock-model,mock,general,10,20,0,0,30,9e-06,N/A,system,False
2026-01-22T07:21:01.496896,mock-model,mock,general,10,20,0,0,30,9e-06,N/A,system,False
2026-01-22T07:21:30.892596,mock-model,mock,general,10,20,0,0,30,9e-06,N/A,system,False
2026-01-22T07:21:30.893006,mock-model,mock,general,10,20,0,0,30,9e-06,N/A,system,False
2026-01-22T07:21:30.893297,mock-model,mock,general,10,20,0,0,30,9e-06,N/A,system,False
2026-01-22T07:21:30.893395,mock-model,mock,general,10,20,0,0,30,9e-06,N/A,system,False
2026-01-22T07:21:30.893458,mock-model,mock,general,10,20,0,0,30,9e-06,N/A,system,False
2026-01-22T07:21:30.893602,mock-model,mock,general,10,20,0,0,30,9e-06,N/A,system,False
2026-01-22T07:21:30.893789,mock-model,mock,general,10,20,0,0,30,9e-06,N/A,system,False
2026-01-22T07:21:30.893981,mock-model,mock,general,10,20,0,0,30,9e-06,N/A,system,False
2026-01-22T07:21:30.894115,mock-model,mock,general,10,20,0,0,30,9e-06,N/A,system,False
2026-01-22T07:21:30.894209,mock-model,mock,general,10,20,0,0,30,9e-06,N/A,system,False
2026-01-22T07:21:30.894308,mock-model,mock,general,10,20,0,0,30,9e-06,N/A,system,False
2026-01-22T07:21:30.894629,mock-model,mock,general,10,20,0,0,30,9e-06,N/A,system,False
2026-01-22T07:21:30.894803,mock-model,mock,general,10,20,0,0,30,9e-06,N/A,system,False
2026-01-22T07:21:30.894967,mock-model,mock,general,10,20,0,0,30,9e-06,N/A,system,False
2026-01-22T07:21:30.895119,mock-model,mock,general,10,20,0,0,30,9e-06,N/A,system,False
2026-01-22T07:21:30.895225,mock-model,mock,general,10,20,0,0,30,9e-06,N/A,system,False
2026-01-22T07:21:30.895781,mock-model,mock,general,10,20,0,0,30,9e-06,N/A,system,False
2026-01-22T07:21:30.895921,mock-model,mock,general,10,20,0,0,30,9e-06,N/A,system,False
2026-01-22T07:22:15.805086,mock-model,mock,general,10,20,0,0,30,9e-06,N/A,system,False
2026-01-22T07:22:15.805324,mock-model,mock,general,10,20,0,0,30,9e-06,N/A,system,False
2026-01-22T07:22:15.805398,mock-model,mock,general,10,20,0,0,30,9e-06,N/A,system,False
2026-01-22T07:22:15.805441,mock-model,mock,general,10,20,0,0,30,9e-06,N/A,system,False
2026-01-22T07:22:15.805486,mock-model,mock,general,10,20,0,0,30,9e-06,N/A,system,False
2026-01-22T07:22:15.805520,mock-model,mock,general,10,20,0,0,30,9e-06,N/A,system,False
2026-01-22T07:22:15.805560,mock-model,mock,general,10,20,0,0,30,9e-06,N/A,system,False
2026-01-22T07:22:15.805592,mock-model,mock,general,10,20,0,0,30,9e-06,N/A,system,False
2026-01-22T07:22:15.805629,mock-model,mock,general,10,20,0,0,30,9e-06,N/A,system,False
2026-01-22T07:22:15.805660,mock-model,mock,general,10,20,0,0,30,9e-06,N/A,system,False
2026-01-22T07:22:15.805695,mock-model,mock,general,10,20,0,0,30,9e-06,N/A,system,False
2026-01-22T07:22:15.805760,mock-model,mock,general,10,20,0,0,30,9e-06,N/A,system,False
2026-01-22T07:22:15.805796,mock-model,mock,general,10,20,0,0,30,9e-06,N/A,system,False
2026-01-22T07:22:15.805827,mock-model,mock,general,10,20,0,0,30,9e-06,N/A,system,False
2026-01-22T07:22:15.805861,mock-model,mock,general,10,20,0,0,30,9e-06,N/A,system,False
2026-01-22T07:22:15.805892,mock-model,mock,general,10,20,0,0,30,9e-06,N/A,system,False
2026-01-22T07:22:15.805946,mock-model,mock,general,10,20,0,0,30,9e-06,N/A,system,False
2026-01-22T07:22:15.805976,mock-model,mock,general,10,20,0,0,30,9e-06,N/A,system,False
2026-01-22T07:29:10.419307,mock-model,mock,general,10,20,0,0,30,9e-06,N/A,system,False
2026-01-22T07:29:10.419624,mock-model,mock,general,10,20,0,0,30,9e-06,N/A,system,False
2026-01-22T07:29:10.419695,mock-model,mock,general,10,20,0,0,30,9e-06,N/A,system,False
2026-01-22T07:29:10.419734,mock-model,mock,general,10,20,0,0,30,9e-06,N/A,system,False
2026-01-22T07:29:10.419778,mock-model,mock,general,10,20,0,0,30,9e-06,N/A,system,False
2026-01-22T07:29:10.419813,mock-model,mock,general,10,20,0,0,30,9e-06,N/A,system,False
2026-01-22T07:29:10.419857,mock-model,mock,general,10,20,0,0,30,9e-06,N/A,system,False
2026-01-22T07:29:10.419889,mock-model,mock,general,10,20,0,0,30,9e-06,N/A,system,False
2026-01-22T07:29:10.419927,mock-model,mock,general,10,20,0,0,30,9e-06,N/A,system,False
2026-01-22T07:29:10.419959,mock-model,mock,general,10,20,0,0,30,9e-06,N/A,system,False
2026-01-22T07:29:10.419996,mock-model,mock,general,10,20,0,0,30,9e-06,N/A,system,False
2026-01-22T07:29:10.420062,mock-model,mock,general,10,20,0,0,30,9e-06,N/A,system,False
2026-01-22T07:29:10.420141,mock-model,mock,general,10,20,0,0,30,9e-06,N/A,system,False
2026-01-22T07:29:10.420182,mock-model,mock,general,10,20,0,0,30,9e-06,N/A,system,False
2026-01-22T07:29:13.403020,mock-model,mock,general,10,20,0,0,30,9e-06,N/A,system,False
2026-01-22T07:29:13.403170,mock-model,mock,general,10,20,0,0,30,9e-06,N/A,system,False
2026-01-22T07:29:13.403372,mock-model,mock,general,10,20,0,0,30,9e-06,N/A,system,False
2026-01-22T07:29:13.403411,mock-model,mock,general,10,20,0,0,30,9e-06,N/A,system,False
2026-01-22T07:29:13.403452,mock-model,mock,general,10,20,0,0,30,9e-06,N/A,system,False
2026-01-22T07:29:13.403485,mock-model,mock,general,10,20,0,0,30,9e-06,N/A,system,False
2026-01-22T07:29:13.403521,mock-model,mock,general,10,20,0,0,30,9e-06,N/A,system,False
2026-01-22T07:29:13.403552,mock-model,mock,general,10,20,0,0,30,9e-06,N/A,system,False
2026-01-22T07:29:13.403586,mock-model,mock,general,10,20,0,0,30,9e-06,N/A,system,False
2026-01-22T07:29:13.403616,mock-model,mock,general,10,20,0,0,30,9e-06,N/A,system,False
2026-01-22T07:29:13.403651,mock-model,mock,general,10,20,0,0,30,9e-06,N/A,system,False
2026-01-22T07:29:13.403680,mock-model,mock,general,10,20,0,0,30,9e-06,N/A,system,False
2026-01-22T07:29:13.403729,mock-model,mock,general,10,20,0,0,30,9e-06,N/A,system,False
2026-01-22T07:29:13.403757,mock-model,mock,general,10,20,0,0,30,9e-06,N/A,system,False
2026-01-22T07:29:37.251392,mock-model,mock,general,10,20,0,0,30,9e-06,N/A,system,False
2026-01-22T07:29:37.251630,mock-model,mock,general,10,20,0,0,30,9e-06,N/A,system,False
2026-01-22T07:29:37.251710,mock-model,mock,general,10,20,0,0,30,9e-06,N/A,system,False
2026-01-22T07:29:37.251755,mock-model,mock,general,10,20,0,0,30,9e-06,N/A,system,False
2026-01-22T07:29:37.251800,mock-model,mock,general,10,20,0,0,30,9e-06,N/A,system,False
2026-01-22T07:29:37.251836,mock-model,mock,general,10,20,0,0,30,9e-06,N/A,system,False
2026-01-22T07:29:37.251876,mock-model,mock,general,10,20,0,0,30,9e-06,N/A,system,False
2026-01-22T07:29:37.251908,mock-model,mock,general,10,20,0,0,30,9e-06,N/A,system,False
2026-01-22T07:29:37.251945,mock-model,mock,general,10,20,0,0,30,9e-06,N/A,system,False
2026-01-22T07:29:37.251977,mock-model,mock,general,10,20,0,0,30,9e-06,N/A,system,False
2026-01-22T07:29:37.252014,mock-model,mock,general,10,20,0,0,30,9e-06,N/A,system,False
2026-01-22T07:29:37.252042,mock-model,mock,general,10,20,0,0,30,9e-06,N/A,system,False
2026-01-22T07:29:37.252128,mock-model,mock,general,10,20,0,0,30,9e-06,N/A,system,False
2026-01-22T07:29:37.252158,mock-model,mock,general,10,20,0,0,30,9e-06,N/A,system,False
2026-01-22T07:29:40.412783,mock-model,mock,general,10,20,0,0,30,9e-06,N/A,system,False
2026-01-22T07:29:40.412903,mock-model,mock,general,10,20,0,0,30,9e-06,N/A,system,False
2026-01-22T07:29:40.412961,mock-model,mock,general,10,20,0,0,30,9e-06,N/A,system,False
2026-01-22T07:29:40.413001,mock-model,mock,general,10,20,0,0,30,9e-06,N/A,system,False
2026-01-22T07:29:40.413044,mock-model,mock,general,10,20,0,0,30,9e-06,N/A,system,False
2026-01-22T07:29:40.413079,mock-model,mock,general,10,20,0,0,30,9e-06,N/A,system,False
2026-01-22T07:29:40.413116,mock-model,mock,general,10,20,0,0,30,9e-06,N/A,system,False
2026-01-22T07:29:40.413150,mock-model,mock,general,10,20,0,0,30,9e-06,N/A,system,False
2026-01-22T07:29:40.413185,mock-model,mock,general,10,20,0,0,30,9e-06,N/A,system,False
2026-01-22T07:29:40.413213,mock-model,mock,general,10,20,0,0,30,9e-06,N/A,system,False
2026-01-22T07:29:40.413250,mock-model,mock,general,10,20,0,0,30,9e-06,N/A,system,False
2026-01-22T07:29:40.413282,mock-model,mock,general,10,20,0,0,30,9e-06,N/A,system,False
2026-01-22T07:29:40.413331,mock-model,mock,general,10,20,0,0,30,9e-06,N/A,system,False
2026-01-22T07:29:40.413362,mock-model,mock,general,10,20,0,0,30,9e-06,N/A,system,False
2026-01-22T07:30:21.081337,mock-model,mock,general,10,20,0,0,30,9e-06,N/A,system,False
2026-01-22T07:30:21.081578,mock-model,mock,general,10,20,0,0,30,9e-06,N/A,system,False
2026-01-22T07:30:21.081657,mock-model,mock,general,10,20,0,0,30,9e-06,N/A,system,False
2026-01-22T07:30:21.081701,mock-model,mock,general,10,20,0,0,30,9e-06,N/A,system,False
2026-01-22T07:30:21.081749,mock-model,mock,general,10,20,0,0,30,9e-06,N/A,system,False
2026-01-22T07:30:21.081785,mock-model,mock,general,10,20,0,0,30,9e-06,N/A,system,False
2026-01-22T07:30:21.081829,mock-model,mock,general,10,20,0,0,30,9e-06,N/A,system,False
2026-01-22T07:30:21.081862,mock-model,mock,general,10,20,0,0,30,9e-06,N/A,system,False
2026-01-22T07:30:21.081901,mock-model,mock,general,10,20,0,0,30,9e-06,N/A,system,False
2026-01-22T07:30:21.081933,mock-model,mock,general,10,20,0,0,30,9e-06,N/A,system,False
2026-01-22T07:30:21.081971,mock-model,mock,general,10,20,0,0,30,9e-06,N/A,system,False
2026-01-22T07:30:21.082004,mock-model,mock,general,10,20,0,0,30,9e-06,N/A,system,False
2026-01-22T07:30:21.082062,mock-model,mock,general,10,20,0,0,30,9e-06,N/A,system,False
2026-01-22T07:30:21.082093,mock-model,mock,general,10,20,0,0,30,9e-06,N/A,system,False
2026-01-22T07:30:24.402070,mock-model,mock,general,10,20,0,0,30,9e-06,N/A,system,False
2026-01-22T07:30:24.402232,mock-model,mock,general,10,20,0,0,30,9e-06,N/A,system,False
2026-01-22T07:30:24.402327,mock-model,mock,general,10,20,0,0,30,9e-06,N/A,system,False
2026-01-22T07:30:24.402378,mock-model,mock,general,10,20,0,0,30,9e-06,N/A,system,False
2026-01-22T07:30:24.402456,mock-model,mock,general,10,20,0,0,30,9e-06,N/A,system,False
2026-01-22T07:30:24.402528,mock-model,mock,general,10,20,0,0,30,9e-06,N/A,system,False
2026-01-22T07:30:24.402599,mock-model,mock,general,10,20,0,0,30,9e-06,N/A,system,False
2026-01-22T07:30:24.402637,mock-model,mock,general,10,20,0,0,30,9e-06,N/A,system,False
2026-01-22T07:30:24.402689,mock-model,mock,general,10,20,0,0,30,9e-06,N/A,system,False
2026-01-22T07:30:24.402731,mock-model,mock,general,10,20,0,0,30,9e-06,N/A,system,False
2026-01-22T07:30:24.402771,mock-model,mock,general,10,20,0,0,30,9e-06,N/A,system,False
2026-01-22T07:30:24.402807,mock-model,mock,general,10,20,0,0,30,9e-06,N/A,system,False
2026-01-22T07:30:24.402870,mock-model,mock,general,10,20,0,0,30,9e-06,N/A,system,False
2026-01-22T07:30:24.402909,mock-model,mock,general,10,20,0,0,30,9e-06,N/A,system,False
2026-01-22T07:37:07.574666,mock-model,mock,general,10,20,0,0,30,9e-06,N/A,system,False
2026-01-22T07:37:07.574907,mock-model,mock,general,10,20,0,0,30,9e-06,N/A,system,False
2026-01-22T07:37:07.575009,mock-model,mock,general,10,20,0,0,30,9e-06,N/A,system,False
2026-01-22T07:37:07.575053,mock-model,mock,general,10,20,0,0,30,9e-06,N/A,system,False
2026-01-22T07:37:07.575097,mock-model,mock,general,10,20,0,0,30,9e-06,N/A,system,False
2026-01-22T07:37:07.575132,mock-model,mock,general,10,20,0,0,30,9e-06,N/A,system,False
2026-01-22T07:37:07.575171,mock-model,mock,general,10,20,0,0,30,9e-06,N/A,system,False
2026-01-22T07:37:07.575203,mock-model,mock,general,10,20,0,0,30,9e-06,N/A,system,False
2026-01-22T07:37:07.575241,mock-model,mock,general,10,20,0,0,30,9e-06,N/A,system,False
2026-01-22T07:37:07.575272,mock-model,mock,general,10,20,0,0,30,9e-06,N/A,system,False
2026-01-22T07:37:07.575307,mock-model,mock,general,10,20,0,0,30,9e-06,N/A,system,False
2026-01-22T07:37:07.575337,mock-model,mock,general,10,20,0,0,30,9e-06,N/A,system,False
2026-01-22T07:37:07.575372,mock-model,mock,general,10,20,0,0,30,9e-06,N/A,system,False
2026-01-22T07:37:07.575401,mock-model,mock,general,10,20,0,0,30,9e-06,N/A,system,False
2026-01-22T07:37:07.575435,mock-model,mock,general,10,20,0,0,30,9e-06,N/A,system,False
2026-01-22T07:37:07.575464,mock-model,mock,general,10,20,0,0,30,9e-06,N/A,system,False
2026-01-22T07:37:07.575517,mock-model,mock,general,10,20,0,0,30,9e-06,N/A,system,False
2026-01-22T07:37:07.575547,mock-model,mock,general,10,20,0,0,30,9e-06,N/A,system,False
2026-01-22T07:46:42.945088,mock-model,mock,general,10,20,0,0,30,9e-06,N/A,system,False
2026-01-22T07:46:42.945412,mock-model,mock,general,10,20,0,0,30,9e-06,N/A,system,False
2026-01-22T07:46:42.945481,mock-model,mock,general,10,20,0,0,30,9e-06,N/A,system,False
2026-01-22T07:46:42.945526,mock-model,mock,general,10,20,0,0,30,9e-06,N/A,system,False
2026-01-22T07:46:42.945573,mock-model,mock,general,10,20,0,0,30,9e-06,N/A,system,False
2026-01-22T07:46:42.945609,mock-model,mock,general,10,20,0,0,30,9e-06,N/A,system,False
2026-01-22T07:46:42.945648,mock-model,mock,general,10,20,0,0,30,9e-06,N/A,system,False
2026-01-22T07:46:42.945678,mock-model,mock,general,10,20,0,0,30,9e-06,N/A,system,False
2026-01-22T07:46:42.945715,mock-model,mock,general,10,20,0,0,30,9e-06,N/A,system,False
2026-01-22T07:46:42.945746,mock-model,mock,general,10,20,0,0,30,9e-06,N/A,system,False
2026-01-22T07:46:42.945781,mock-model,mock,general,10,20,0,0,30,9e-06,N/A,system,False
2026-01-22T07:46:42.945810,mock-model,mock,general,10,20,0,0,30,9e-06,N/A,system,False
2026-01-22T07:46:42.945847,mock-model,mock,general,10,20,0,0,30,9e-06,N/A,system,False
2026-01-22T07:46:42.945876,mock-model,mock,general,10,20,0,0,30,9e-06,N/A,system,False
2026-01-22T07:46:42.945909,mock-model,mock,general,10,20,0,0,30,9e-06,N/A,system,False
2026-01-22T07:46:42.945938,mock-model,mock,general,10,20,0,0,30,9e-06,N/A,system,False
2026-01-22T07:46:42.945988,mock-model,mock,general,10,20,0,0,30,9e-06,N/A,system,False
2026-01-22T07:46:42.946016,mock-model,mock,general,10,20,0,0,30,9e-06,N/A,system,False
2026-01-22T07:47:11.585268,mock-model,mock,general,10,20,0,0,30,9e-06,N/A,system,False
2026-01-22T07:47:11.585505,mock-model,mock,general,10,20,0,0,30,9e-06,N/A,system,False
2026-01-22T07:47:11.585580,mock-model,mock,general,10,20,0,0,30,9e-06,N/A,system,False
2026-01-22T07:47:11.585621,mock-model,mock,general,10,20,0,0,30,9e-06,N/A,system,False
2026-01-22T07:47:11.585665,mock-model,mock,general,10,20,0,0,30,9e-06,N/A,system,False
2026-01-22T07:47:11.585699,mock-model,mock,general,10,20,0,0,30,9e-06,N/A,system,False
2026-01-22T07:47:11.585737,mock-model,mock,general,10,20,0,0,30,9e-06,N/A,system,False
2026-01-22T07:47:11.585769,mock-model,mock,general,10,20,0,0,30,9e-06,N/A,system,False
2026-01-22T07:47:11.585806,mock-model,mock,general,10,20,0,0,30,9e-06,N/A,system,False
2026-01-22T07:47:11.585837,mock-model,mock,general,10,20,0,0,30,9e-06,N/A,system,False
2026-01-22T07:47:11.585873,mock-model,mock,general,10,20,0,0,30,9e-06,N/A,system,False
2026-01-22T07:47:11.585909,mock-model,mock,general,10,20,0,0,30,9e-06,N/A,system,False
2026-01-22T07:47:11.585981,mock-model,mock,general,10,20,0,0,30,9e-06,N/A,system,False
2026-01-22T07:47:11.586075,mock-model,mock,general,10,20,0,0,30,9e-06,N/A,system,False
2026-01-22T07:47:11.586138,mock-model,mock,general,10,20,0,0,30,9e-06,N/A,system,False
2026-01-22T07:47:11.586181,mock-model,mock,general,10,20,0,0,30,9e-06,N/A,system,False
2026-01-22T07:47:11.586246,mock-model,mock,general,10,20,0,0,30,9e-06,N/A,system,False
2026-01-22T07:47:11.586280,mock-model,mock,general,10,20,0,0,30,9e-06,N/A,system,False
2026-01-22T08:00:04.817731,mock-model,mock,general,10,20,0,0,30,9e-06,N/A,system,False
2026-01-22T08:00:04.817937,mock-model,mock,general,10,20,0,0,30,9e-06,N/A,system,False
2026-01-22T08:00:04.818018,mock-model,mock,general,10,20,0,0,30,9e-06,N/A,system,False
2026-01-22T08:00:04.818067,mock-model,mock,general,10,20,0,0,30,9e-06,N/A,system,False
2026-01-22T08:00:04.818117,mock-model,mock,general,10,20,0,0,30,9e-06,N/A,system,False
2026-01-22T08:00:04.818154,mock-model,mock,general,10,20,0,0,30,9e-06,N/A,system,False
2026-01-22T08:00:04.818195,mock-model,mock,general,10,20,0,0,30,9e-06,N/A,system,False
2026-01-22T08:00:04.818229,mock-model,mock,general,10,20,0,0,30,9e-06,N/A,system,False
2026-01-22T08:00:04.818269,mock-model,mock,general,10,20,0,0,30,9e-06,N/A,system,False
2026-01-22T08:00:04.818301,mock-model,mock,general,10,20,0,0,30,9e-06,N/A,system,False
2026-01-22T08:00:04.818339,mock-model,mock,general,10,20,0,0,30,9e-06,N/A,system,False
2026-01-22T08:00:04.818371,mock-model,mock,general,10,20,0,0,30,9e-06,N/A,system,False
2026-01-22T08:00:04.818407,mock-model,mock,general,10,20,0,0,30,9e-06,N/A,system,False
2026-01-22T08:00:04.818438,mock-model,mock,general,10,20,0,0,30,9e-06,N/A,system,False
2026-01-22T08:00:04.818474,mock-model,mock,general,10,20,0,0,30,9e-06,N/A,system,False
2026-01-22T08:00:04.818504,mock-model,mock,general,10,20,0,0,30,9e-06,N/A,system,False
2026-01-22T08:00:04.818540,mock-model,mock,general,10,20,0,0,30,9e-06,N/A,system,False
2026-01-22T08:00:04.818571,mock-model,mock,general,10,20,0,0,30,9e-06,N/A,system,False
2026-01-22T08:00:04.818606,mock-model,mock,general,10,20,0,0,30,9e-06,N/A,system,False
2026-01-22T08:00:04.818636,mock-model,mock,general,10,20,0,0,30,9e-06,N/A,system,False
2026-01-22T08:00:04.818698,mock-model,mock,general,10,20,0,0,30,9e-06,N/A,system,False
2026-01-22T08:00:04.818729,mock-model,mock,general,10,20,0,0,30,9e-06,N/A,system,False
2026-01-22T08:03:03.797651,mock-model,mock,general,10,20,0,0,30,9e-06,N/A,system,False
2026-01-22T08:03:03.797936,mock-model,mock,general,10,20,0,0,30,9e-06,N/A,system,False
2026-01-22T08:03:03.797998,mock-model,mock,general,10,20,0,0,30,9e-06,N/A,system,False
2026-01-22T08:03:03.798036,mock-model,mock,general,10,20,0,0,30,9e-06,N/A,system,False
2026-01-22T08:03:03.798080,mock-model,mock,general,10,20,0,0,30,9e-06,N/A,system,False
2026-01-22T08:03:03.798112,mock-model,mock,general,10,20,0,0,30,9e-06,N/A,system,False
2026-01-22T08:03:03.798151,mock-model,mock,general,10,20,0,0,30,9e-06,N/A,system,False
2026-01-22T08:03:03.798181,mock-model,mock,general,10,20,0,0,30,9e-06,N/A,system,False
2026-01-22T08:03:03.798218,mock-model,mock,general,10,20,0,0,30,9e-06,N/A,system,False
2026-01-22T08:03:03.798250,mock-model,mock,general,10,20,0,0,30,9e-06,N/A,system,False
2026-01-22T08:03:03.798285,mock-model,mock,general,10,20,0,0,30,9e-06,N/A,system,False
2026-01-22T08:03:03.798313,mock-model,mock,general,10,20,0,0,30,9e-06,N/A,system,False
2026-01-22T08:03:03.798348,mock-model,mock,general,10,20,0,0,30,9e-06,N/A,system,False
2026-01-22T08:03:03.798376,mock-model,mock,general,10,20,0,0,30,9e-06,N/A,system,False
2026-01-22T08:03:03.798411,mock-model,mock,general,10,20,0,0,30,9e-06,N/A,system,False
2026-01-22T08:03:03.798440,mock-model,mock,general,10,20,0,0,30,9e-06,N/A,system,False
2026-01-22T08:03:03.798473,mock-model,mock,general,10,20,0,0,30,9e-06,N/A,system,False
2026-01-22T08:03:03.798501,mock-model,mock,general,10,20,0,0,30,9e-06,N/A,system,False
2026-01-22T08:03:03.798534,mock-model,mock,general,10,20,0,0,30,9e-06,N/A,system,False
2026-01-22T08:03:03.798597,mock-model,mock,general,10,20,0,0,30,9e-06,N/A,system,False
2026-01-22T08:03:03.798659,mock-model,mock,general,10,20,0,0,30,9e-06,N/A,system,False
2026-01-22T08:03:03.798690,mock-model,mock,general,10,20,0,0,30,9e-06,N/A,system,False
2026-01-22T08:03:46.680621,mock-model,mock,general,10,20,0,0,30,9e-06,N/A,system,False
2026-01-22T08:03:46.680943,mock-model,mock,general,10,20,0,0,30,9e-06,N/A,system,False
2026-01-22T08:03:46.681025,mock-model,mock,general,10,20,0,0,30,9e-06,N/A,system,False
2026-01-22T08:03:46.681073,mock-model,mock,general,10,20,0,0,30,9e-06,N/A,system,False
2026-01-22T08:03:46.681124,mock-model,mock,general,10,20,0,0,30,9e-06,N/A,system,False
2026-01-22T08:03:46.681162,mock-model,mock,general,10,20,0,0,30,9e-06,N/A,system,False
2026-01-22T08:03:46.681209,mock-model,mock,general,10,20,0,0,30,9e-06,N/A,system,False
2026-01-22T08:03:46.681242,mock-model,mock,general,10,20,0,0,30,9e-06,N/A,system,False
2026-01-22T08:03:46.681285,mock-model,mock,general,10,20,0,0,30,9e-06,N/A,system,False
2026-01-22T08:03:46.681316,mock-model,mock,general,10,20,0,0,30,9e-06,N/A,system,False
2026-01-22T08:03:46.681353,mock-model,mock,general,10,20,0,0,30,9e-06,N/A,system,False
2026-01-22T08:03:46.681384,mock-model,mock,general,10,20,0,0,30,9e-06,N/A,system,False
2026-01-22T08:03:46.681423,mock-model,mock,general,10,20,0,0,30,9e-06,N/A,system,False
2026-01-22T08:03:46.681454,mock-model,mock,general,10,20,0,0,30,9e-06,N/A,system,False
2026-01-22T08:03:46.681488,mock-model,mock,general,10,20,0,0,30,9e-06,N/A,system,False
2026-01-22T08:03:46.681520,mock-model,mock,general,10,20,0,0,30,9e-06,N/A,system,False
2026-01-22T08:03:46.681556,mock-model,mock,general,10,20,0,0,30,9e-06,N/A,system,False
2026-01-22T08:03:46.681588,mock-model,mock,general,10,20,0,0,30,9e-06,N/A,system,False
2026-01-22T08:03:46.681626,mock-model,mock,general,10,20,0,0,30,9e-06,N/A,system,False
2026-01-22T08:03:46.681661,mock-model,mock,general,10,20,0,0,30,9e-06,N/A,system,False
2026-01-22T08:03:46.681727,mock-model,mock,general,10,20,0,0,30,9e-06,N/A,system,False
2026-01-22T08:03:46.681761,mock-model,mock,general,10,20,0,0,30,9e-06,N/A,system,False
2026-01-22T08:04:10.935097,mock-model,mock,general,10,20,0,0,30,9e-06,N/A,system,False
2026-01-22T08:04:10.935384,mock-model,mock,general,10,20,0,0,30,9e-06,N/A,system,False
2026-01-22T08:04:10.935621,mock-model,mock,general,10,20,0,0,30,9e-06,N/A,system,False
2026-01-22T08:04:10.935748,mock-model,mock,general,10,20,0,0,30,9e-06,N/A,system,False
2026-01-22T08:04:10.935911,mock-model,mock,general,10,20,0,0,30,9e-06,N/A,system,False
2026-01-22T08:04:10.936040,mock-model,mock,general,10,20,0,0,30,9e-06,N/A,system,False
2026-01-22T08:04:10.936154,mock-model,mock,general,10,20,0,0,30,9e-06,N/A,system,False
2026-01-22T08:04:10.936243,mock-model,mock,general,10,20,0,0,30,9e-06,N/A,system,False
2026-01-22T08:04:10.936348,mock-model,mock,general,10,20,0,0,30,9e-06,N/A,system,False
2026-01-22T08:04:10.936434,mock-model,mock,general,10,20,0,0,30,9e-06,N/A,system,False
2026-01-22T08:04:10.936549,mock-model,mock,general,10,20,0,0,30,9e-06,N/A,system,False
2026-01-22T08:04:10.936675,mock-model,mock,general,10,20,0,0,30,9e-06,N/A,system,False
2026-01-22T08:04:10.936777,mock-model,mock,general,10,20,0,0,30,9e-06,N/A,system,False
2026-01-22T08:04:10.936861,mock-model,mock,general,10,20,0,0,30,9e-06,N/A,system,False
2026-01-22T08:04:10.937765,mock-model,mock,general,10,20,0,0,30,9e-06,N/A,system,False
2026-01-22T08:04:10.937962,mock-model,mock,general,10,20,0,0,30,9e-06,N/A,system,False
2026-01-22T08:04:10.938082,mock-model,mock,general,10,20,0,0,30,9e-06,N/A,system,False
2026-01-22T08:04:10.938218,mock-model,mock,general,10,20,0,0,30,9e-06,N/A,system,False
2026-01-22T08:04:10.938530,mock-model,mock,general,10,20,0,0,30,9e-06,N/A,system,False
2026-01-22T08:04:10.938792,mock-model,mock,general,10,20,0,0,30,9e-06,N/A,system,False
2026-01-22T08:04:10.938975,mock-model,mock,general,10,20,0,0,30,9e-06,N/A,system,False
2026-01-22T08:04:10.939084,mock-model,mock,general,10,20,0,0,30,9e-06,N/A,system,False
2026-01-22T08:04:37.100976,mock-model,mock,general,10,20,0,0,30,9e-06,N/A,system,False
2026-01-22T08:04:37.101196,mock-model,mock,general,10,20,0,0,30,9e-06,N/A,system,False
2026-01-22T08:04:37.101280,mock-model,mock,general,10,20,0,0,30,9e-06,N/A,system,False
2026-01-22T08:04:37.101326,mock-model,mock,general,10,20,0,0,30,9e-06,N/A,system,False
2026-01-22T08:04:37.101378,mock-model,mock,general,10,20,0,0,30,9e-06,N/A,system,False
2026-01-22T08:04:37.101415,mock-model,mock,general,10,20,0,0,30,9e-06,N/A,system,False
2026-01-22T08:04:37.101459,mock-model,mock,general,10,20,0,0,30,9e-06,N/A,system,False
2026-01-22T08:04:37.101493,mock-model,mock,general,10,20,0,0,30,9e-06,N/A,system,False
2026-01-22T08:04:37.101537,mock-model,mock,general,10,20,0,0,30,9e-06,N/A,system,False
2026-01-22T08:04:37.101570,mock-model,mock,general,10,20,0,0,30,9e-06,N/A,system,False
2026-01-22T08:04:37.101609,mock-model,mock,general,10,20,0,0,30,9e-06,N/A,system,False
2026-01-22T08:04:37.101641,mock-model,mock,general,10,20,0,0,30,9e-06,N/A,system,False
2026-01-22T08:04:37.101680,mock-model,mock,general,10,20,0,0,30,9e-06,N/A,system,False
2026-01-22T08:04:37.101711,mock-model,mock,general,10,20,0,0,30,9e-06,N/A,system,False
2026-01-22T08:04:37.101748,mock-model,mock,general,10,20,0,0,30,9e-06,N/A,system,False
2026-01-22T08:04:37.101778,mock-model,mock,general,10,20,0,0,30,9e-06,N/A,system,False
2026-01-22T08:04:37.101816,mock-model,mock,general,10,20,0,0,30,9e-06,N/A,system,False
2026-01-22T08:04:37.101847,mock-model,mock,general,10,20,0,0,30,9e-06,N/A,system,False
2026-01-22T08:04:37.101882,mock-model,mock,general,10,20,0,0,30,9e-06,N/A,system,False
2026-01-22T08:04:37.101912,mock-model,mock,general,10,20,0,0,30,9e-06,N/A,system,False
2026-01-22T08:04:37.101970,mock-model,mock,general,10,20,0,0,30,9e-06,N/A,system,False
2026-01-22T08:04:37.102000,mock-model,mock,general,10,20,0,0,30,9e-06,N/A,system,False
2026-01-22T08:05:17.369213,mock-model,mock,general,10,20,0,0,30,9e-06,N/A,system,False
2026-01-22T08:05:17.369409,mock-model,mock,general,10,20,0,0,30,9e-06,N/A,system,False
2026-01-22T08:05:17.369475,mock-model,mock,general,10,20,0,0,30,9e-06,N/A,system,False
2026-01-22T08:05:17.369518,mock-model,mock,general,10,20,0,0,30,9e-06,N/A,system,False
2026-01-22T08:05:17.369567,mock-model,mock,general,10,20,0,0,30,9e-06,N/A,system,False
2026-01-22T08:05:17.369602,mock-model,mock,general,10,20,0,0,30,9e-06,N/A,system,False
2026-01-22T08:05:17.369644,mock-model,mock,general,10,20,0,0,30,9e-06,N/A,system,False
2026-01-22T08:05:17.369677,mock-model,mock,general,10,20,0,0,30,9e-06,N/A,system,False
2026-01-22T08:05:17.369719,mock-model,mock,general,10,20,0,0,30,9e-06,N/A,system,False
2026-01-22T08:05:17.369750,mock-model,mock,general,10,20,0,0,30,9e-06,N/A,system,False
2026-01-22T08:05:17.369788,mock-model,mock,general,10,20,0,0,30,9e-06,N/A,system,False
2026-01-22T08:05:17.369819,mock-model,mock,general,10,20,0,0,30,9e-06,N/A,system,False
2026-01-22T08:05:17.369854,mock-model,mock,general,10,20,0,0,30,9e-06,N/A,system,False
2026-01-22T08:05:17.369882,mock-model,mock,general,10,20,0,0,30,9e-06,N/A,system,False
2026-01-22T08:05:17.369914,mock-model,mock,general,10,20,0,0,30,9e-06,N/A,system,False
2026-01-22T08:05:17.369941,mock-model,mock,general,10,20,0,0,30,9e-06,N/A,system,False
2026-01-22T08:05:17.369975,mock-model,mock,general,10,20,0,0,30,9e-06,N/A,system,False
2026-01-22T08:05:17.370002,mock-model,mock,general,10,20,0,0,30,9e-06,N/A,system,False
2026-01-22T08:05:17.370033,mock-model,mock,general,10,20,0,0,30,9e-06,N/A,system,False
2026-01-22T08:05:17.370059,mock-model,mock,general,10,20,0,0,30,9e-06,N/A,system,False
2026-01-22T08:05:17.370120,mock-model,mock,general,10,20,0,0,30,9e-06,N/A,system,False
2026-01-22T08:05:17.370148,mock-model,mock,general,10,20,0,0,30,9e-06,N/A,system,False
2026-01-22T08:11:19.799705,mock-model,mock,general,10,20,0,0,30,9e-06,N/A,system,False
2026-01-22T08:11:19.800047,mock-model,mock,general,10,20,0,0,30,9e-06,N/A,system,False
2026-01-22T08:11:19.800148,mock-model,mock,general,10,20,0,0,30,9e-06,N/A,system,False
2026-01-22T08:11:19.800189,mock-model,mock,general,10,20,0,0,30,9e-06,N/A,system,False
2026-01-22T08:11:19.800235,mock-model,mock,general,10,20,0,0,30,9e-06,N/A,system,False
2026-01-22T08:11:19.800281,mock-model,mock,general,10,20,0,0,30,9e-06,N/A,system,False
2026-01-22T08:11:19.800327,mock-model,mock,general,10,20,0,0,30,9e-06,N/A,system,False
2026-01-22T08:11:19.800361,mock-model,mock,general,10,20,0,0,30,9e-06,N/A,system,False
2026-01-22T08:11:19.800402,mock-model,mock,general,10,20,0,0,30,9e-06,N/A,system,False
2026-01-22T08:11:19.800434,mock-model,mock,general,10,20,0,0,30,9e-06,N/A,system,False
2026-01-22T08:11:19.800478,mock-model,mock,general,10,20,0,0,30,9e-06,N/A,system,False
2026-01-22T08:11:19.800512,mock-model,mock,general,10,20,0,0,30,9e-06,N/A,system,False
2026-01-22T08:11:19.800550,mock-model,mock,general,10,20,0,0,30,9e-06,N/A,system,False
2026-01-22T08:11:19.800582,mock-model,mock,general,10,20,0,0,30,9e-06,N/A,system,False
2026-01-22T08:11:19.800619,mock-model,mock,general,10,20,0,0,30,9e-06,N/A,system,False
2026-01-22T08:11:19.800650,mock-model,mock,general,10,20,0,0,30,9e-06,N/A,system,False
2026-01-22T08:11:19.800689,mock-model,mock,general,10,20,0,0,30,9e-06,N/A,system,False
2026-01-22T08:11:19.800720,mock-model,mock,general,10,20,0,0,30,9e-06,N/A,system,False
2026-01-22T08:11:19.800756,mock-model,mock,general,10,20,0,0,30,9e-06,N/A,system,False
2026-01-22T08:11:19.800786,mock-model,mock,general,10,20,0,0,30,9e-06,N/A,system,False
2026-01-22T08:11:19.800855,mock-model,mock,general,10,20,0,0,30,9e-06,N/A,system,False
2026-01-22T08:11:19.800888,mock-model,mock,general,10,20,0,0,30,9e-06,N/A,system,False
2026-01-25T10:17:39.972450,claude-3-5-haiku-20241022,claude,general,1401,151,0,0,1552,0.006468,N/A,system,False
2026-01-25T10:17:39.973684,claude-3-5-haiku-20241022,claude,general,1401,151,0,0,1552,0.006468,N/A,system,False
2026-01-25T10:17:57.649951,claude-3-5-haiku-20241022,claude,general,1401,150,0,0,1551,0.006453,N/A,system,False
2026-01-25T10:17:57.650213,claude-3-5-haiku-20241022,claude,general,1401,150,0,0,1551,0.006453,N/A,system,False
2026-01-25T10:18:19.657558,claude-3-5-haiku-20241022,claude,general,1401,131,0,0,1532,0.006168,N/A,system,False
2026-01-25T10:18:19.658647,claude-3-5-haiku-20241022,claude,general,1401,131,0,0,1532,0.006168,N/A,system,False
2026-01-25T10:18:37.436951,claude-3-5-haiku-20241022,claude,general,1401,128,0,0,1529,0.006123,N/A,system,False
2026-01-25T10:18:37.437278,claude-3-5-haiku-20241022,claude,general,1401,128,0,0,1529,0.006123,N/A,system,False
2026-01-25T10:19:10.374747,claude-3-5-haiku-20241022,claude,general,1401,146,0,0,1547,0.006393,N/A,system,False
2026-01-25T10:19:10.375110,claude-3-5-haiku-20241022,claude,general,1401,146,0,0,1547,0.006393,N/A,system,False
2026-01-25T10:20:57.097954,claude-3-5-haiku-20241022,claude,general,1401,116,0,0,1517,0.005943,N/A,system,False
2026-01-25T10:20:57.098273,claude-3-5-haiku-20241022,claude,general,1401,116,0,0,1517,0.005943,N/A,system,False
2026-01-25T10:33:38.186804,claude-3-5-haiku-20241022,claude,general,1401,140,0,0,1541,0.006303,N/A,system,False
2026-01-25T10:33:38.189444,claude-3-5-haiku-20241022,claude,general,1401,140,0,0,1541,0.006303,N/A,system,False
2026-02-03T04:24:36.470761,claude-3-5-haiku-20241022,claude,general,284,54,0,0,338,0.001662,N/A,system,False
2026-02-03T04:24:36.471082,claude-3-5-haiku-20241022,claude,general,284,54,0,0,338,0.001662,N/A,system,False
2026-02-03T04:31:04.567399,claude-3-5-haiku-20241022,claude,general,284,55,0,0,339,0.001677,N/A,system,False
2026-02-03T04:31:04.567612,claude-3-5-haiku-20241022,claude,general,284,55,0,0,339,0.001677,N/A,system,False
2026-02-03T04:42:26.344716,claude-3-5-haiku-20241022,claude,general,284,54,0,0,338,0.001662,N/A,system,False
2026-02-03T04:42:26.347370,claude-3-5-haiku-20241022,claude,general,284,54,0,0,338,0.001662,N/A,system,False
2026-02-03T04:50:45.047413,claude-3-5-haiku-20241022,claude,general,284,54,0,0,338,0.001662,N/A,system,False
2026-02-03T04:50:45.047668,claude-3-5-haiku-20241022,claude,general,284,54,0,0,338,0.001662,N/A,system,False
2026-02-03T05:06:26.798013,claude-3-5-haiku-20241022,claude,general,284,53,0,0,337,0.001647,N/A,system,False
2026-02-03T05:06:26.812805,claude-3-5-haiku-20241022,claude,general,284,53,0,0,337,0.001647,N/A,system,False
2026-02-03T05:20:06.800181,claude-3-5-haiku-20241022,claude,general,284,54,0,0,338,0.001662,N/A,system,False
2026-02-03T05:20:06.800617,claude-3-5-haiku-20241022,claude,general,284,54,0,0,338,0.001662,N/A,system,False
2026-02-03T05:20:49.353420,claude-3-5-haiku-20241022,claude,general,284,55,0,0,339,0.001677,N/A,system,False
2026-02-03T05:20:49.353615,claude-3-5-haiku-20241022,claude,general,284,55,0,0,339,0.001677,N/A,system,False
2026-02-03T05:22:01.642569,claude-3-5-haiku-20241022,claude,general,284,54,0,0,338,0.001662,N/A,system,False
2026-02-03T05:22:01.642765,claude-3-5-haiku-20241022,claude,general,284,54,0,0,338,0.001662,N/A,system,False
2026-02-03T05:23:57.369995,claude-3-5-haiku-20241022,claude,general,284,55,0,0,339,0.001677,N/A,system,False
2026-02-03T05:23:57.370647,claude-3-5-haiku-20241022,claude,general,284,55,0,0,339,0.001677,N/A,system,False
2026-02-03T05:26:52.598371,claude-3-5-haiku-20241022,claude,general,334,302,0,0,636,0.005532,N/A,system,False
2026-02-03T05:26:52.598606,claude-3-5-haiku-20241022,claude,general,334,302,0,0,636,0.005532,N/A,system,False
2026-02-03T05:27:00.583652,claude-3-5-haiku-20241022,claude,general,314,163,0,0,477,0.003387,N/A,system,False
2026-02-03T05:27:00.584189,claude-3-5-haiku-20241022,claude,general,314,163,0,0,477,0.003387,N/A,system,False
2026-02-03T05:27:28.592414,claude-3-5-haiku-20241022,claude,general,281,51,0,0,332,0.001608,N/A,system,False
2026-02-03T05:27:28.593068,claude-3-5-haiku-20241022,claude,general,281,51,0,0,332,0.001608,N/A,system,False
2026-02-03T05:27:31.476234,claude-3-5-haiku-20241022,claude,general,321,93,0,0,414,0.002358,N/A,system,False
2026-02-03T05:27:31.476446,claude-3-5-haiku-20241022,claude,general,321,93,0,0,414,0.002358,N/A,system,False
2026-02-03T05:27:33.012763,claude-3-5-haiku-20241022,claude,general,283,41,0,0,324,0.001464,N/A,system,False
2026-02-03T05:27:33.013163,claude-3-5-haiku-20241022,claude,general,283,41,0,0,324,0.001464,N/A,system,False
2026-02-03T05:27:35.002585,claude-3-5-haiku-20241022,claude,general,283,58,0,0,341,0.001719,N/A,system,False
2026-02-03T05:27:35.002875,claude-3-5-haiku-20241022,claude,general,283,58,0,0,341,0.001719,N/A,system,False
2026-02-03T05:27:37.332033,claude-3-5-haiku-20241022,claude,general,293,72,0,0,365,0.001959,N/A,system,False
2026-02-03T05:27:37.333656,claude-3-5-haiku-20241022,claude,general,293,72,0,0,365,0.001959,N/A,system,False
2026-02-03T05:27:39.955789,claude-3-5-haiku-20241022,claude,general,292,77,0,0,369,0.002031,N/A,system,False
2026-02-03T05:27:39.956049,claude-3-5-haiku-20241022,claude,general,292,77,0,0,369,0.002031,N/A,system,False
2026-02-03T05:27:41.926095,claude-3-5-haiku-20241022,claude,general,285,54,0,0,339,0.001665,N/A,system,False
2026-02-03T05:27:41.926400,claude-3-5-haiku-20241022,claude,general,285,54,0,0,339,0.001665,N/A,system,False
2026-02-03T05:27:44.376050,claude-3-5-haiku-20241022,claude,general,287,68,0,0,355,0.001881,N/A,system,False
2026-02-03T05:27:44.376243,claude-3-5-haiku-20241022,claude,general,287,68,0,0,355,0.001881,N/A,system,False
2026-02-03T05:27:46.221244,claude-3-5-haiku-20241022,claude,general,281,47,0,0,328,0.001548,N/A,system,False
2026-02-03T05:27:46.221734,claude-3-5-haiku-20241022,claude,general,281,47,0,0,328,0.001548,N/A,system,False
2026-02-03T05:27:49.527714,claude-3-5-haiku-20241022,claude,general,282,57,0,0,339,0.001701,N/A,system,False
2026-02-03T05:27:49.528034,claude-3-5-haiku-20241022,claude,general,282,57,0,0,339,0.001701,N/A,system,False
2026-02-03T05:27:51.657745,claude-3-5-haiku-20241022,claude,general,286,64,0,0,350,0.001818,N/A,system,False
2026-02-03T05:27:51.658450,claude-3-5-haiku-20241022,claude,general,286,64,0,0,350,0.001818,N/A,system,False
2026-02-03T05:27:55.151953,claude-3-5-haiku-20241022,claude,general,283,47,0,0,330,0.001554,N/A,system,False
2026-02-03T05:27:55.152527,claude-3-5-haiku-20241022,claude,general,283,47,0,0,330,0.001554,N/A,system,False
2026-02-03T05:27:56.031769,claude-3-5-haiku-20241022,claude,general,334,359,0,0,693,0.006387,N/A,system,False
2026-02-03T05:27:56.032346,claude-3-5-haiku-20241022,claude,general,334,359,0,0,693,0.006387,N/A,system,False
2026-02-03T05:27:59.026568,claude-3-5-haiku-20241022,claude,general,283,58,0,0,341,0.001719,N/A,system,False
2026-02-03T05:27:59.032931,claude-3-5-haiku-20241022,claude,general,283,58,0,0,341,0.001719,N/A,system,False
2026-02-03T05:28:02.503823,claude-3-5-haiku-20241022,claude,general,290,55,0,0,345,0.001695,N/A,system,False
2026-02-03T05:28:02.504218,claude-3-5-haiku-20241022,claude,general,290,55,0,0,345,0.001695,N/A,system,False
2026-02-03T05:28:10.112936,claude-3-5-haiku-20241022,claude,general,339,372,0,0,711,0.006597,N/A,system,False
2026-02-03T05:28:10.349340,claude-3-5-haiku-20241022,claude,general,339,372,0,0,711,0.006597,N/A,system,False
2026-02-03T05:28:16.563733,claude-3-5-haiku-20241022,claude,general,314,207,0,0,521,0.004047,N/A,system,False
2026-02-03T05:28:16.564358,claude-3-5-haiku-20241022,claude,general,314,207,0,0,521,0.004047,N/A,system,False
2026-02-03T05:28:18.568537,claude-3-5-haiku-20241022,claude,general,285,44,0,0,329,0.001515,N/A,system,False
2026-02-03T05:28:18.573788,claude-3-5-haiku-20241022,claude,general,285,44,0,0,329,0.001515,N/A,system,False
2026-02-03T05:28:25.681074,claude-3-5-haiku-20241022,claude,general,339,342,0,0,681,0.006147,N/A,system,False
2026-02-03T05:28:25.682679,claude-3-5-haiku-20241022,claude,general,339,342,0,0,681,0.006147,N/A,system,False
2026-02-03T05:28:32.745088,claude-3-5-haiku-20241022,claude,general,282,53,0,0,335,0.001641,N/A,system,False
2026-02-03T05:28:32.745567,claude-3-5-haiku-20241022,claude,general,282,53,0,0,335,0.001641,N/A,system,False
2026-02-03T05:28:36.692642,claude-3-5-haiku-20241022,claude,general,284,54,0,0,338,0.001662,N/A,system,False
2026-02-03T05:28:36.694054,claude-3-5-haiku-20241022,claude,general,284,54,0,0,338,0.001662,N/A,system,False
2026-02-03T05:28:50.815046,claude-3-5-haiku-20241022,claude,general,1286,127,0,0,1413,0.005763,N/A,system,False
2026-02-03T05:28:50.815384,claude-3-5-haiku-20241022,claude,general,1286,127,0,0,1413,0.005763,N/A,system,False
2026-02-03T05:28:53.409478,claude-3-5-haiku-20241022,claude,general,1454,89,0,0,1543,0.005697,N/A,system,False
2026-02-03T05:28:53.409818,claude-3-5-haiku-20241022,claude,general,1454,89,0,0,1543,0.005697,N/A,system,False
2026-02-03T05:29:00.543405,claude-3-5-haiku-20241022,claude,general,1584,248,0,0,1832,0.008472,N/A,system,False
2026-02-03T05:29:00.543664,claude-3-5-haiku-20241022,claude,general,1584,248,0,0,1832,0.008472,N/A,system,False
2026-02-03T05:29:06.031780,claude-3-5-haiku-20241022,claude,general,334,325,0,0,659,0.005877,N/A,system,False
2026-02-03T05:29:06.032063,claude-3-5-haiku-20241022,claude,general,334,325,0,0,659,0.005877,N/A,system,False
2026-02-03T05:29:15.009750,claude-3-5-haiku-20241022,claude,general,316,240,0,0,556,0.004548,N/A,system,False
2026-02-03T05:29:15.011697,claude-3-5-haiku-20241022,claude,general,316,240,0,0,556,0.004548,N/A,system,False
2026-02-03T05:29:28.007890,claude-3-5-haiku-20241022,claude,general,284,55,0,0,339,0.001677,N/A,system,False
2026-02-03T05:29:28.008094,claude-3-5-haiku-20241022,claude,general,284,55,0,0,339,0.001677,N/A,system,False
2026-02-03T05:30:28.838128,claude-3-5-haiku-20241022,claude,general,334,267,0,0,601,0.005007,N/A,system,False
2026-02-03T05:30:28.838320,claude-3-5-haiku-20241022,claude,general,334,267,0,0,601,0.005007,N/A,system,False
2026-02-03T05:30:36.104930,claude-3-5-haiku-20241022,claude,general,284,56,0,0,340,0.001692,N/A,system,False
2026-02-03T05:30:36.105300,claude-3-5-haiku-20241022,claude,general,284,56,0,0,340,0.001692,N/A,system,False
2026-02-03T05:30:36.522526,claude-3-5-haiku-20241022,claude,general,314,183,0,0,497,0.003687,N/A,system,False
2026-02-03T05:30:36.522690,claude-3-5-haiku-20241022,claude,general,314,183,0,0,497,0.003687,N/A,system,False
2026-02-03T05:31:01.801461,claude-3-5-haiku-20241022,claude,general,281,51,0,0,332,0.001608,N/A,system,False
2026-02-03T05:31:01.801744,claude-3-5-haiku-20241022,claude,general,281,51,0,0,332,0.001608,N/A,system,False
2026-02-03T05:31:04.861056,claude-3-5-haiku-20241022,claude,general,321,100,0,0,421,0.002463,N/A,system,False
2026-02-03T05:31:04.861290,claude-3-5-haiku-20241022,claude,general,321,100,0,0,421,0.002463,N/A,system,False
2026-02-03T05:31:06.612470,claude-3-5-haiku-20241022,claude,general,283,41,0,0,324,0.001464,N/A,system,False
2026-02-03T05:31:06.612747,claude-3-5-haiku-20241022,claude,general,283,41,0,0,324,0.001464,N/A,system,False
2026-02-03T05:31:08.479330,claude-3-5-haiku-20241022,claude,general,283,58,0,0,341,0.001719,N/A,system,False
2026-02-03T05:31:08.479492,claude-3-5-haiku-20241022,claude,general,283,58,0,0,341,0.001719,N/A,system,False
2026-02-03T05:31:10.918329,claude-3-5-haiku-20241022,claude,general,293,75,0,0,368,0.002004,N/A,system,False
2026-02-03T05:31:10.918569,claude-3-5-haiku-20241022,claude,general,293,75,0,0,368,0.002004,N/A,system,False
2026-02-03T05:31:13.312044,claude-3-5-haiku-20241022,claude,general,292,77,0,0,369,0.002031,N/A,system,False
2026-02-03T05:31:13.312371,claude-3-5-haiku-20241022,claude,general,292,77,0,0,369,0.002031,N/A,system,False
2026-02-03T05:31:15.294661,claude-3-5-haiku-20241022,claude,general,285,54,0,0,339,0.001665,N/A,system,False
2026-02-03T05:31:15.295059,claude-3-5-haiku-20241022,claude,general,285,54,0,0,339,0.001665,N/A,system,False
2026-02-03T05:31:17.828621,claude-3-5-haiku-20241022,claude,general,287,73,0,0,360,0.001956,N/A,system,False
2026-02-03T05:31:17.828891,claude-3-5-haiku-20241022,claude,general,287,73,0,0,360,0.001956,N/A,system,False
2026-02-03T05:31:19.465911,claude-3-5-haiku-20241022,claude,general,281,50,0,0,331,0.001593,N/A,system,False
2026-02-03T05:31:19.466239,claude-3-5-haiku-20241022,claude,general,281,50,0,0,331,0.001593,N/A,system,False
2026-02-03T05:31:23.150801,claude-3-5-haiku-20241022,claude,general,282,61,0,0,343,0.001761,N/A,system,False
2026-02-03T05:31:23.151076,claude-3-5-haiku-20241022,claude,general,282,61,0,0,343,0.001761,N/A,system,False
2026-02-03T05:31:25.149614,claude-3-5-haiku-20241022,claude,general,286,64,0,0,350,0.001818,N/A,system,False
2026-02-03T05:31:25.149994,claude-3-5-haiku-20241022,claude,general,286,64,0,0,350,0.001818,N/A,system,False
2026-02-03T05:31:28.593831,claude-3-5-haiku-20241022,claude,general,283,58,0,0,341,0.001719,N/A,system,False
2026-02-03T05:31:28.594129,claude-3-5-haiku-20241022,claude,general,283,58,0,0,341,0.001719,N/A,system,False
2026-02-03T05:31:31.653876,claude-3-5-haiku-20241022,claude,general,283,58,0,0,341,0.001719,N/A,system,False
2026-02-03T05:31:31.654224,claude-3-5-haiku-20241022,claude,general,283,58,0,0,341,0.001719,N/A,system,False
2026-02-03T05:31:34.877517,claude-3-5-haiku-20241022,claude,general,290,55,0,0,345,0.001695,N/A,system,False
2026-02-03T05:31:34.877729,claude-3-5-haiku-20241022,claude,general,290,55,0,0,345,0.001695,N/A,system,False
2026-02-03T05:31:42.799463,claude-3-5-haiku-20241022,claude,general,339,391,0,0,730,0.006882,N/A,system,False
2026-02-03T05:31:42.799853,claude-3-5-haiku-20241022,claude,general,339,391,0,0,730,0.006882,N/A,system,False
2026-02-03T05:31:48.734368,claude-3-5-haiku-20241022,claude,general,285,44,0,0,329,0.001515,N/A,system,False
2026-02-03T05:31:48.734754,claude-3-5-haiku-20241022,claude,general,285,44,0,0,329,0.001515,N/A,system,False
2026-02-03T05:31:56.824233,claude-3-5-haiku-20241022,claude,general,339,377,0,0,716,0.006672,N/A,system,False
2026-02-03T05:31:56.825279,claude-3-5-haiku-20241022,claude,general,339,377,0,0,716,0.006672,N/A,system,False
2026-02-03T05:32:03.120881,claude-3-5-haiku-20241022,claude,general,282,53,0,0,335,0.001641,N/A,system,False
2026-02-03T05:32:03.121213,claude-3-5-haiku-20241022,claude,general,282,53,0,0,335,0.001641,N/A,system,False
2026-02-03T05:32:46.271402,claude-3-5-haiku-20241022,claude,general,284,54,0,0,338,0.001662,N/A,system,False
2026-02-03T05:32:46.271900,claude-3-5-haiku-20241022,claude,general,284,54,0,0,338,0.001662,N/A,system,False
2026-02-03T05:33:58.924952,claude-3-5-haiku-20241022,claude,general,284,54,0,0,338,0.001662,N/A,system,False
2026-02-03T05:33:58.926041,claude-3-5-haiku-20241022,claude,general,284,54,0,0,338,0.001662,N/A,system,False
2026-02-03T05:34:54.323073,claude-3-5-haiku-20241022,claude,general,284,55,0,0,339,0.001677,N/A,system,False
2026-02-03T05:34:54.323489,claude-3-5-haiku-20241022,claude,general,284,55,0,0,339,0.001677,N/A,system,False
2026-02-03T06:56:11.562645,claude-3-5-haiku-20241022,claude,general,334,321,0,0,655,0.005817,N/A,system,False
2026-02-03T06:56:11.562878,claude-3-5-haiku-20241022,claude,general,334,321,0,0,655,0.005817,N/A,system,False
2026-02-03T06:56:19.540182,claude-3-5-haiku-20241022,claude,general,316,216,0,0,532,0.004188,N/A,system,False
2026-02-03T06:56:19.540785,claude-3-5-haiku-20241022,claude,general,316,216,0,0,532,0.004188,N/A,system,False
2026-02-03T06:56:38.538357,claude-3-5-haiku-20241022,claude,general,281,50,0,0,331,0.001593,N/A,system,False
2026-02-03T06:56:38.538585,claude-3-5-haiku-20241022,claude,general,281,50,0,0,331,0.001593,N/A,system,False
2026-02-03T06:56:41.897126,claude-3-5-haiku-20241022,claude,general,321,100,0,0,421,0.002463,N/A,system,False
2026-02-03T06:56:41.897455,claude-3-5-haiku-20241022,claude,general,321,100,0,0,421,0.002463,N/A,system,False
2026-02-03T06:56:43.846472,claude-3-5-haiku-20241022,claude,general,283,57,0,0,340,0.001704,N/A,system,False
2026-02-03T06:56:43.846799,claude-3-5-haiku-20241022,claude,general,283,57,0,0,340,0.001704,N/A,system,False
2026-02-03T06:56:45.682279,claude-3-5-haiku-20241022,claude,general,283,58,0,0,341,0.001719,N/A,system,False
2026-02-03T06:56:45.682460,claude-3-5-haiku-20241022,claude,general,283,58,0,0,341,0.001719,N/A,system,False
2026-02-03T06:56:47.874156,claude-3-5-haiku-20241022,claude,general,293,72,0,0,365,0.001959,N/A,system,False
2026-02-03T06:56:47.875154,claude-3-5-haiku-20241022,claude,general,293,72,0,0,365,0.001959,N/A,system,False
2026-02-03T06:56:50.655853,claude-3-5-haiku-20241022,claude,general,292,77,0,0,369,0.002031,N/A,system,False
2026-02-03T06:56:50.656206,claude-3-5-haiku-20241022,claude,general,292,77,0,0,369,0.002031,N/A,system,False
2026-02-03T06:56:52.627982,claude-3-5-haiku-20241022,claude,general,285,54,0,0,339,0.001665,N/A,system,False
2026-02-03T06:56:52.628291,claude-3-5-haiku-20241022,claude,general,285,54,0,0,339,0.001665,N/A,system,False
2026-02-03T06:56:54.992006,claude-3-5-haiku-20241022,claude,general,287,69,0,0,356,0.001896,N/A,system,False
2026-02-03T06:56:54.992336,claude-3-5-haiku-20241022,claude,general,287,69,0,0,356,0.001896,N/A,system,False
2026-02-03T06:56:56.877476,claude-3-5-haiku-20241022,claude,general,281,50,0,0,331,0.001593,N/A,system,False
2026-02-03T06:56:56.877766,claude-3-5-haiku-20241022,claude,general,281,50,0,0,331,0.001593,N/A,system,False
2026-02-03T06:57:00.158295,claude-3-5-haiku-20241022,claude,general,282,56,0,0,338,0.001686,N/A,system,False
2026-02-03T06:57:00.159217,claude-3-5-haiku-20241022,claude,general,282,56,0,0,338,0.001686,N/A,system,False
2026-02-03T06:57:02.136244,claude-3-5-haiku-20241022,claude,general,286,64,0,0,350,0.001818,N/A,system,False
2026-02-03T06:57:02.136554,claude-3-5-haiku-20241022,claude,general,286,64,0,0,350,0.001818,N/A,system,False
2026-02-03T06:57:05.482069,claude-3-5-haiku-20241022,claude,general,283,58,0,0,341,0.001719,N/A,system,False
2026-02-03T06:57:05.482347,claude-3-5-haiku-20241022,claude,general,283,58,0,0,341,0.001719,N/A,system,False
2026-02-03T06:57:09.030999,claude-3-5-haiku-20241022,claude,general,283,58,0,0,341,0.001719,N/A,system,False
2026-02-03T06:57:09.031844,claude-3-5-haiku-20241022,claude,general,283,58,0,0,341,0.001719,N/A,system,False
2026-02-03T06:57:12.698095,claude-3-5-haiku-20241022,claude,general,290,55,0,0,345,0.001695,N/A,system,False
2026-02-03T06:57:12.698331,claude-3-5-haiku-20241022,claude,general,290,55,0,0,345,0.001695,N/A,system,False
2026-02-03T06:57:21.016556,claude-3-5-haiku-20241022,claude,general,339,403,0,0,742,0.007062,N/A,system,False
2026-02-03T06:57:21.016844,claude-3-5-haiku-20241022,claude,general,339,403,0,0,742,0.007062,N/A,system,False
2026-02-03T06:57:26.887221,claude-3-5-haiku-20241022,claude,general,285,45,0,0,330,0.00153,N/A,system,False
2026-02-03T06:57:26.887687,claude-3-5-haiku-20241022,claude,general,285,45,0,0,330,0.00153,N/A,system,False
2026-02-03T06:57:33.837580,claude-3-5-haiku-20241022,claude,general,339,372,0,0,711,0.006597,N/A,system,False
2026-02-03T06:57:33.838007,claude-3-5-haiku-20241022,claude,general,339,372,0,0,711,0.006597,N/A,system,False
2026-02-03T06:57:39.969952,claude-3-5-haiku-20241022,claude,general,282,53,0,0,335,0.001641,N/A,system,False
2026-02-03T06:57:39.970265,claude-3-5-haiku-20241022,claude,general,282,53,0,0,335,0.001641,N/A,system,False
2026-02-03T06:57:52.503021,claude-3-5-haiku-20241022,claude,general,1286,141,0,0,1427,0.005973,N/A,system,False
2026-02-03T06:57:52.505607,claude-3-5-haiku-20241022,claude,general,1286,141,0,0,1427,0.005973,N/A,system,False
2026-02-03T06:57:58.318858,claude-3-5-haiku-20241022,claude,general,1468,230,0,0,1698,0.007854,N/A,system,False
2026-02-03T06:57:58.319027,claude-3-5-haiku-20241022,claude,general,1468,230,0,0,1698,0.007854,N/A,system,False
2026-02-03T07:01:42.947239,claude-3-5-haiku-20241022,claude,general,334,271,0,0,605,0.005067,N/A,system,False
2026-02-03T07:01:42.956815,claude-3-5-haiku-20241022,claude,general,334,271,0,0,605,0.005067,N/A,system,False
2026-02-03T07:01:52.771690,claude-3-5-haiku-20241022,claude,general,316,275,0,0,591,0.005073,N/A,system,False
2026-02-03T07:01:52.771971,claude-3-5-haiku-20241022,claude,general,316,275,0,0,591,0.005073,N/A,system,False
2026-02-03T07:02:44.644393,claude-3-5-haiku-20241022,claude,general,281,47,0,0,328,0.001548,N/A,system,False
2026-02-03T07:02:44.644748,claude-3-5-haiku-20241022,claude,general,281,47,0,0,328,0.001548,N/A,system,False
2026-02-03T07:02:47.851887,claude-3-5-haiku-20241022,claude,general,321,93,0,0,414,0.002358,N/A,system,False
2026-02-03T07:02:47.852502,claude-3-5-haiku-20241022,claude,general,321,93,0,0,414,0.002358,N/A,system,False
2026-02-03T07:02:49.690970,claude-3-5-haiku-20241022,claude,general,283,41,0,0,324,0.001464,N/A,system,False
2026-02-03T07:02:49.693460,claude-3-5-haiku-20241022,claude,general,283,41,0,0,324,0.001464,N/A,system,False
2026-02-03T07:02:52.037708,claude-3-5-haiku-20241022,claude,general,283,58,0,0,341,0.001719,N/A,system,False
2026-02-03T07:02:52.038015,claude-3-5-haiku-20241022,claude,general,283,58,0,0,341,0.001719,N/A,system,False
2026-02-03T07:02:54.801731,claude-3-5-haiku-20241022,claude,general,293,72,0,0,365,0.001959,N/A,system,False
2026-02-03T07:02:55.841808,claude-3-5-haiku-20241022,claude,general,293,72,0,0,365,0.001959,N/A,system,False
2026-02-03T07:02:58.657001,claude-3-5-haiku-20241022,claude,general,292,77,0,0,369,0.002031,N/A,system,False
2026-02-03T07:02:58.657506,claude-3-5-haiku-20241022,claude,general,292,77,0,0,369,0.002031,N/A,system,False
2026-02-03T07:03:00.529889,claude-3-5-haiku-20241022,claude,general,285,54,0,0,339,0.001665,N/A,system,False
2026-02-03T07:03:00.530258,claude-3-5-haiku-20241022,claude,general,285,54,0,0,339,0.001665,N/A,system,False
2026-02-03T07:03:03.039605,claude-3-5-haiku-20241022,claude,general,287,73,0,0,360,0.001956,N/A,system,False
2026-02-03T07:03:03.040443,claude-3-5-haiku-20241022,claude,general,287,73,0,0,360,0.001956,N/A,system,False
2026-02-03T07:03:04.781487,claude-3-5-haiku-20241022,claude,general,281,51,0,0,332,0.001608,N/A,system,False
2026-02-03T07:03:04.781798,claude-3-5-haiku-20241022,claude,general,281,51,0,0,332,0.001608,N/A,system,False
2026-02-03T07:03:06.243682,claude-3-5-haiku-20241022,claude,general,284,55,0,0,339,0.001677,N/A,system,False
2026-02-03T07:03:06.244222,claude-3-5-haiku-20241022,claude,general,284,55,0,0,339,0.001677,N/A,system,False
2026-02-03T07:03:08.314856,claude-3-5-haiku-20241022,claude,general,282,56,0,0,338,0.001686,N/A,system,False
2026-02-03T07:03:08.316534,claude-3-5-haiku-20241022,claude,general,282,56,0,0,338,0.001686,N/A,system,False
2026-02-03T07:03:10.430254,claude-3-5-haiku-20241022,claude,general,286,58,0,0,344,0.001728,N/A,system,False
2026-02-03T07:03:10.430804,claude-3-5-haiku-20241022,claude,general,286,58,0,0,344,0.001728,N/A,system,False
2026-02-03T07:03:14.359841,claude-3-5-haiku-20241022,claude,general,283,58,0,0,341,0.001719,N/A,system,False
2026-02-03T07:03:14.360205,claude-3-5-haiku-20241022,claude,general,283,58,0,0,341,0.001719,N/A,system,False
2026-02-03T07:03:17.812929,claude-3-5-haiku-20241022,claude,general,283,58,0,0,341,0.001719,N/A,system,False
2026-02-03T07:03:17.814718,claude-3-5-haiku-20241022,claude,general,283,58,0,0,341,0.001719,N/A,system,False
2026-02-03T07:03:23.306797,claude-3-5-haiku-20241022,claude,general,290,55,0,0,345,0.001695,N/A,system,False
2026-02-03T07:03:23.307291,claude-3-5-haiku-20241022,claude,general,290,55,0,0,345,0.001695,N/A,system,False
2026-02-03T07:03:30.926485,claude-3-5-haiku-20241022,claude,general,339,415,0,0,754,0.007242,N/A,system,False
2026-02-03T07:03:30.927138,claude-3-5-haiku-20241022,claude,general,339,415,0,0,754,0.007242,N/A,system,False
2026-02-03T07:03:36.853766,claude-3-5-haiku-20241022,claude,general,285,44,0,0,329,0.001515,N/A,system,False
2026-02-03T07:03:36.854125,claude-3-5-haiku-20241022,claude,general,285,44,0,0,329,0.001515,N/A,system,False
2026-02-03T07:03:44.309469,claude-3-5-haiku-20241022,claude,general,339,342,0,0,681,0.006147,N/A,system,False
2026-02-03T07:03:44.318427,claude-3-5-haiku-20241022,claude,general,339,342,0,0,681,0.006147,N/A,system,False
2026-02-03T07:03:50.881934,claude-3-5-haiku-20241022,claude,general,282,53,0,0,335,0.001641,N/A,system,False
2026-02-03T07:03:50.882493,claude-3-5-haiku-20241022,claude,general,282,53,0,0,335,0.001641,N/A,system,False
2026-02-03T07:03:58.370780,claude-3-5-haiku-20241022,claude,general,284,47,0,0,331,0.001557,N/A,system,False
2026-02-03T07:03:58.371314,claude-3-5-haiku-20241022,claude,general,284,47,0,0,331,0.001557,N/A,system,False
2026-02-03T07:04:42.547710,claude-3-5-haiku-20241022,claude,general,284,54,0,0,338,0.001662,N/A,system,False
2026-02-03T07:04:42.548111,claude-3-5-haiku-20241022,claude,general,284,54,0,0,338,0.001662,N/A,system,False
2026-02-03T07:06:20.541212,claude-3-5-haiku-20241022,claude,general,284,54,0,0,338,0.001662,N/A,system,False
2026-02-03T07:06:20.544518,claude-3-5-haiku-20241022,claude,general,284,54,0,0,338,0.001662,N/A,system,False
2026-02-03T07:11:48.834455,claude-3-5-haiku-20241022,claude,general,334,247,0,0,581,0.004707,N/A,system,False
2026-02-03T07:11:48.836462,claude-3-5-haiku-20241022,claude,general,334,247,0,0,581,0.004707,N/A,system,False
2026-02-03T07:12:03.233045,claude-3-5-haiku-20241022,claude,general,316,247,0,0,563,0.004653,N/A,system,False
2026-02-03T07:12:05.357164,claude-3-5-haiku-20241022,claude,general,316,247,0,0,563,0.004653,N/A,system,False
2026-02-03T07:12:28.675145,claude-3-5-haiku-20241022,claude,general,334,273,0,0,607,0.005097,N/A,system,False
2026-02-03T07:12:28.675483,claude-3-5-haiku-20241022,claude,general,334,273,0,0,607,0.005097,N/A,system,False
2026-02-03T07:12:40.571233,claude-3-5-haiku-20241022,claude,general,281,47,0,0,328,0.001548,N/A,system,False
2026-02-03T07:12:40.571685,claude-3-5-haiku-20241022,claude,general,281,47,0,0,328,0.001548,N/A,system,False
2026-02-03T07:12:43.514616,claude-3-5-haiku-20241022,claude,general,321,100,0,0,421,0.002463,N/A,system,False
2026-02-03T07:12:43.515192,claude-3-5-haiku-20241022,claude,general,321,100,0,0,421,0.002463,N/A,system,False
2026-02-03T07:12:45.598998,claude-3-5-haiku-20241022,claude,general,283,57,0,0,340,0.001704,N/A,system,False
2026-02-03T07:12:45.599355,claude-3-5-haiku-20241022,claude,general,283,57,0,0,340,0.001704,N/A,system,False
2026-02-03T07:12:48.006469,claude-3-5-haiku-20241022,claude,general,283,75,0,0,358,0.001974,N/A,system,False
2026-02-03T07:12:48.007370,claude-3-5-haiku-20241022,claude,general,283,75,0,0,358,0.001974,N/A,system,False
2026-02-03T07:12:50.436533,claude-3-5-haiku-20241022,claude,general,293,72,0,0,365,0.001959,N/A,system,False
2026-02-03T07:12:50.437241,claude-3-5-haiku-20241022,claude,general,293,72,0,0,365,0.001959,N/A,system,False
2026-02-03T07:12:53.098949,claude-3-5-haiku-20241022,claude,general,292,77,0,0,369,0.002031,N/A,system,False
2026-02-03T07:12:53.100128,claude-3-5-haiku-20241022,claude,general,292,77,0,0,369,0.002031,N/A,system,False
2026-02-03T07:12:55.227026,claude-3-5-haiku-20241022,claude,general,285,54,0,0,339,0.001665,N/A,system,False
2026-02-03T07:12:55.227156,claude-3-5-haiku-20241022,claude,general,285,54,0,0,339,0.001665,N/A,system,False
2026-02-03T07:12:58.336967,claude-3-5-haiku-20241022,claude,general,287,77,0,0,364,0.002016,N/A,system,False
2026-02-03T07:12:58.337225,claude-3-5-haiku-20241022,claude,general,287,77,0,0,364,0.002016,N/A,system,False
2026-02-03T07:13:00.026268,claude-3-5-haiku-20241022,claude,general,281,50,0,0,331,0.001593,N/A,system,False
2026-02-03T07:13:00.026393,claude-3-5-haiku-20241022,claude,general,281,50,0,0,331,0.001593,N/A,system,False
2026-02-03T07:13:03.875462,claude-3-5-haiku-20241022,claude,general,282,53,0,0,335,0.001641,N/A,system,False
2026-02-03T07:13:03.875769,claude-3-5-haiku-20241022,claude,general,282,53,0,0,335,0.001641,N/A,system,False
2026-02-03T07:13:05.685941,claude-3-5-haiku-20241022,claude,general,286,58,0,0,344,0.001728,N/A,system,False
2026-02-03T07:13:05.686231,claude-3-5-haiku-20241022,claude,general,286,58,0,0,344,0.001728,N/A,system,False
2026-02-03T07:13:09.412129,claude-3-5-haiku-20241022,claude,general,283,58,0,0,341,0.001719,N/A,system,False
2026-02-03T07:13:09.412823,claude-3-5-haiku-20241022,claude,general,283,58,0,0,341,0.001719,N/A,system,False
2026-02-03T07:13:13.090214,claude-3-5-haiku-20241022,claude,general,283,58,0,0,341,0.001719,N/A,system,False
2026-02-03T07:13:13.091116,claude-3-5-haiku-20241022,claude,general,283,58,0,0,341,0.001719,N/A,system,False
2026-02-03T07:13:17.066503,claude-3-5-haiku-20241022,claude,general,290,55,0,0,345,0.001695,N/A,system,False
2026-02-03T07:13:17.066684,claude-3-5-haiku-20241022,claude,general,290,55,0,0,345,0.001695,N/A,system,False
2026-02-03T07:13:25.489357,claude-3-5-haiku-20241022,claude,general,339,424,0,0,763,0.007377,N/A,system,False
2026-02-03T07:13:25.491126,claude-3-5-haiku-20241022,claude,general,339,424,0,0,763,0.007377,N/A,system,False
2026-02-03T07:13:25.696503,claude-3-5-haiku-20241022,claude,general,334,350,0,0,684,0.006252,N/A,system,False
2026-02-03T07:13:25.699584,claude-3-5-haiku-20241022,claude,general,334,350,0,0,684,0.006252,N/A,system,False
2026-02-03T07:13:31.748572,claude-3-5-haiku-20241022,claude,general,285,44,0,0,329,0.001515,N/A,system,False
2026-02-03T07:13:31.753402,claude-3-5-haiku-20241022,claude,general,285,44,0,0,329,0.001515,N/A,system,False
2026-02-03T07:13:34.819747,claude-3-5-haiku-20241022,claude,general,311,247,0,0,558,0.004638,N/A,system,False
2026-02-03T07:13:34.820258,claude-3-5-haiku-20241022,claude,general,311,247,0,0,558,0.004638,N/A,system,False
2026-02-03T07:13:38.851270,claude-3-5-haiku-20241022,claude,general,339,361,0,0,700,0.006432,N/A,system,False
2026-02-03T07:13:38.855746,claude-3-5-haiku-20241022,claude,general,339,361,0,0,700,0.006432,N/A,system,False
2026-02-03T07:13:45.376737,claude-3-5-haiku-20241022,claude,general,282,53,0,0,335,0.001641,N/A,system,False
2026-02-03T07:13:45.377375,claude-3-5-haiku-20241022,claude,general,282,53,0,0,335,0.001641,N/A,system,False
2026-02-03T07:14:10.978382,claude-3-5-haiku-20241022,claude,general,284,55,0,0,339,0.001677,N/A,system,False
2026-02-03T07:14:10.982602,claude-3-5-haiku-20241022,claude,general,284,55,0,0,339,0.001677,N/A,system,False
2026-02-03T07:14:57.671035,claude-3-5-haiku-20241022,claude,general,284,54,0,0,338,0.001662,N/A,system,False
2026-02-03T07:14:57.671710,claude-3-5-haiku-20241022,claude,general,284,54,0,0,338,0.001662,N/A,system,False
2026-02-03T07:16:07.962777,claude-3-5-haiku-20241022,claude,general,334,253,0,0,587,0.004797,N/A,system,False
2026-02-03T07:16:07.964147,claude-3-5-haiku-20241022,claude,general,334,253,0,0,587,0.004797,N/A,system,False
2026-02-03T07:16:26.441651,claude-3-5-haiku-20241022,claude,general,316,230,0,0,546,0.004398,N/A,system,False
2026-02-03T07:16:26.442285,claude-3-5-haiku-20241022,claude,general,316,230,0,0,546,0.004398,N/A,system,False
2026-02-03T07:16:50.089508,claude-3-5-haiku-20241022,claude,general,281,50,0,0,331,0.001593,N/A,system,False
2026-02-03T07:16:50.089848,claude-3-5-haiku-20241022,claude,general,281,50,0,0,331,0.001593,N/A,system,False
2026-02-03T07:16:52.675628,claude-3-5-haiku-20241022,claude,general,321,93,0,0,414,0.002358,N/A,system,False
2026-02-03T07:16:52.675851,claude-3-5-haiku-20241022,claude,general,321,93,0,0,414,0.002358,N/A,system,False
2026-02-03T07:16:54.921771,claude-3-5-haiku-20241022,claude,general,283,57,0,0,340,0.001704,N/A,system,False
2026-02-03T07:16:54.922020,claude-3-5-haiku-20241022,claude,general,283,57,0,0,340,0.001704,N/A,system,False
2026-02-03T07:16:56.988118,claude-3-5-haiku-20241022,claude,general,283,58,0,0,341,0.001719,N/A,system,False
2026-02-03T07:16:56.988683,claude-3-5-haiku-20241022,claude,general,283,58,0,0,341,0.001719,N/A,system,False
2026-02-03T07:16:59.543721,claude-3-5-haiku-20241022,claude,general,293,72,0,0,365,0.001959,N/A,system,False
2026-02-03T07:16:59.545332,claude-3-5-haiku-20241022,claude,general,293,72,0,0,365,0.001959,N/A,system,False
2026-02-03T07:17:02.178557,claude-3-5-haiku-20241022,claude,general,292,77,0,0,369,0.002031,N/A,system,False
2026-02-03T07:17:02.178846,claude-3-5-haiku-20241022,claude,general,292,77,0,0,369,0.002031,N/A,system,False
2026-02-03T07:17:04.912404,claude-3-5-haiku-20241022,claude,general,285,54,0,0,339,0.001665,N/A,system,False
2026-02-03T07:17:04.913028,claude-3-5-haiku-20241022,claude,general,285,54,0,0,339,0.001665,N/A,system,False
2026-02-03T07:17:08.084447,claude-3-5-haiku-20241022,claude,general,287,77,0,0,364,0.002016,N/A,system,False
2026-02-03T07:17:08.084926,claude-3-5-haiku-20241022,claude,general,287,77,0,0,364,0.002016,N/A,system,False
2026-02-03T07:17:10.266905,claude-3-5-haiku-20241022,claude,general,281,47,0,0,328,0.001548,N/A,system,False
2026-02-03T07:17:10.267250,claude-3-5-haiku-20241022,claude,general,281,47,0,0,328,0.001548,N/A,system,False
2026-02-03T07:17:13.888775,claude-3-5-haiku-20241022,claude,general,282,56,0,0,338,0.001686,N/A,system,False
2026-02-03T07:17:13.889347,claude-3-5-haiku-20241022,claude,general,282,56,0,0,338,0.001686,N/A,system,False
2026-02-03T07:17:16.016585,claude-3-5-haiku-20241022,claude,general,286,58,0,0,344,0.001728,N/A,system,False
2026-02-03T07:17:16.016729,claude-3-5-haiku-20241022,claude,general,286,58,0,0,344,0.001728,N/A,system,False
2026-02-03T07:17:19.347028,claude-3-5-haiku-20241022,claude,general,283,47,0,0,330,0.001554,N/A,system,False
2026-02-03T07:17:19.348845,claude-3-5-haiku-20241022,claude,general,283,47,0,0,330,0.001554,N/A,system,False
2026-02-03T07:17:22.784967,claude-3-5-haiku-20241022,claude,general,283,58,0,0,341,0.001719,N/A,system,False
2026-02-03T07:17:22.785199,claude-3-5-haiku-20241022,claude,general,283,58,0,0,341,0.001719,N/A,system,False
2026-02-03T07:17:26.398750,claude-3-5-haiku-20241022,claude,general,290,55,0,0,345,0.001695,N/A,system,False
2026-02-03T07:17:26.399188,claude-3-5-haiku-20241022,claude,general,290,55,0,0,345,0.001695,N/A,system,False
2026-02-03T07:17:33.465006,claude-3-5-haiku-20241022,claude,general,339,338,0,0,677,0.006087,N/A,system,False
2026-02-03T07:17:33.465749,claude-3-5-haiku-20241022,claude,general,339,338,0,0,677,0.006087,N/A,system,False
2026-02-03T07:17:39.699983,claude-3-5-haiku-20241022,claude,general,285,44,0,0,329,0.001515,N/A,system,False
2026-02-03T07:17:39.701489,claude-3-5-haiku-20241022,claude,general,285,44,0,0,329,0.001515,N/A,system,False
2026-02-03T07:17:48.291353,claude-3-5-haiku-20241022,claude,general,339,449,0,0,788,0.007752,N/A,system,False
2026-02-03T07:17:48.291988,claude-3-5-haiku-20241022,claude,general,339,449,0,0,788,0.007752,N/A,system,False
2026-02-03T07:17:54.701072,claude-3-5-haiku-20241022,claude,general,282,53,0,0,335,0.001641,N/A,system,False
2026-02-03T07:17:54.707373,claude-3-5-haiku-20241022,claude,general,282,53,0,0,335,0.001641,N/A,system,False
2026-02-03T07:19:40.060720,claude-3-5-haiku-20241022,claude,general,284,54,0,0,338,0.001662,N/A,system,False
2026-02-03T07:19:40.066249,claude-3-5-haiku-20241022,claude,general,284,54,0,0,338,0.001662,N/A,system,False
2026-02-03T07:20:47.668587,claude-3-5-haiku-20241022,claude,general,284,47,0,0,331,0.001557,N/A,system,False
2026-02-03T07:20:47.669073,claude-3-5-haiku-20241022,claude,general,284,47,0,0,331,0.001557,N/A,system,False
2026-02-03T07:22:07.427700,claude-3-5-haiku-20241022,claude,general,284,57,0,0,341,0.001707,N/A,system,False
2026-02-03T07:22:07.428115,claude-3-5-haiku-20241022,claude,general,284,57,0,0,341,0.001707,N/A,system,False
2026-02-03T07:22:56.598760,claude-3-5-haiku-20241022,claude,general,334,273,0,0,607,0.005097,N/A,system,False
2026-02-03T07:22:56.599131,claude-3-5-haiku-20241022,claude,general,334,273,0,0,607,0.005097,N/A,system,False
2026-02-03T07:23:05.991479,claude-3-5-haiku-20241022,claude,general,314,227,0,0,541,0.004347,N/A,system,False
2026-02-03T07:23:05.991763,claude-3-5-haiku-20241022,claude,general,314,227,0,0,541,0.004347,N/A,system,False
2026-02-03T07:24:19.603206,claude-3-5-haiku-20241022,claude,general,334,317,0,0,651,0.005757,N/A,system,False
2026-02-03T07:24:19.603974,claude-3-5-haiku-20241022,claude,general,334,317,0,0,651,0.005757,N/A,system,False
2026-02-03T07:24:32.633578,claude-3-5-haiku-20241022,claude,general,316,228,0,0,544,0.004368,N/A,system,False
2026-02-03T07:24:32.634117,claude-3-5-haiku-20241022,claude,general,316,228,0,0,544,0.004368,N/A,system,False
2026-02-03T07:24:34.961055,claude-3-5-haiku-20241022,claude,general,284,54,0,0,338,0.001662,N/A,system,False
2026-02-03T07:24:34.961339,claude-3-5-haiku-20241022,claude,general,284,54,0,0,338,0.001662,N/A,system,False
2026-02-03T07:25:01.521080,claude-3-5-haiku-20241022,claude,general,334,333,0,0,667,0.005997,N/A,system,False
2026-02-03T07:25:01.521370,claude-3-5-haiku-20241022,claude,general,334,333,0,0,667,0.005997,N/A,system,False
2026-02-03T07:25:15.487491,claude-3-5-haiku-20241022,claude,general,311,249,0,0,560,0.004668,N/A,system,False
2026-02-03T07:25:15.487836,claude-3-5-haiku-20241022,claude,general,311,249,0,0,560,0.004668,N/A,system,False
2026-02-03T07:25:47.663154,claude-3-5-haiku-20241022,claude,general,281,47,0,0,328,0.001548,N/A,system,False
2026-02-03T07:25:47.663657,claude-3-5-haiku-20241022,claude,general,281,47,0,0,328,0.001548,N/A,system,False
2026-02-03T07:25:50.693447,claude-3-5-haiku-20241022,claude,general,321,103,0,0,424,0.002508,N/A,system,False
2026-02-03T07:25:50.694477,claude-3-5-haiku-20241022,claude,general,321,103,0,0,424,0.002508,N/A,system,False
2026-02-03T07:25:52.811657,claude-3-5-haiku-20241022,claude,general,283,57,0,0,340,0.001704,N/A,system,False
2026-02-03T07:25:52.813365,claude-3-5-haiku-20241022,claude,general,283,57,0,0,340,0.001704,N/A,system,False
2026-02-03T07:25:54.956798,claude-3-5-haiku-20241022,claude,general,283,58,0,0,341,0.001719,N/A,system,False
2026-02-03T07:25:54.957979,claude-3-5-haiku-20241022,claude,general,283,58,0,0,341,0.001719,N/A,system,False
2026-02-03T07:25:57.215888,claude-3-5-haiku-20241022,claude,general,293,72,0,0,365,0.001959,N/A,system,False
2026-02-03T07:25:57.216214,claude-3-5-haiku-20241022,claude,general,293,72,0,0,365,0.001959,N/A,system,False
2026-02-03T07:25:59.511966,claude-3-5-haiku-20241022,claude,general,292,76,0,0,368,0.002016,N/A,system,False
2026-02-03T07:25:59.512561,claude-3-5-haiku-20241022,claude,general,292,76,0,0,368,0.002016,N/A,system,False
2026-02-03T07:26:01.827240,claude-3-5-haiku-20241022,claude,general,285,54,0,0,339,0.001665,N/A,system,False
2026-02-03T07:26:01.827655,claude-3-5-haiku-20241022,claude,general,285,54,0,0,339,0.001665,N/A,system,False
2026-02-03T07:26:04.750465,claude-3-5-haiku-20241022,claude,general,287,73,0,0,360,0.001956,N/A,system,False
2026-02-03T07:26:04.751126,claude-3-5-haiku-20241022,claude,general,287,73,0,0,360,0.001956,N/A,system,False
2026-02-03T07:26:07.099157,claude-3-5-haiku-20241022,claude,general,281,50,0,0,331,0.001593,N/A,system,False
2026-02-03T07:26:07.099926,claude-3-5-haiku-20241022,claude,general,281,50,0,0,331,0.001593,N/A,system,False
2026-02-03T07:26:10.553529,claude-3-5-haiku-20241022,claude,general,282,51,0,0,333,0.001611,N/A,system,False
2026-02-03T07:26:10.554048,claude-3-5-haiku-20241022,claude,general,282,51,0,0,333,0.001611,N/A,system,False
2026-02-03T07:26:12.225692,claude-3-5-haiku-20241022,claude,general,286,58,0,0,344,0.001728,N/A,system,False
2026-02-03T07:26:12.225980,claude-3-5-haiku-20241022,claude,general,286,58,0,0,344,0.001728,N/A,system,False
2026-02-03T07:26:15.673163,claude-3-5-haiku-20241022,claude,general,283,58,0,0,341,0.001719,N/A,system,False
2026-02-03T07:26:15.673377,claude-3-5-haiku-20241022,claude,general,283,58,0,0,341,0.001719,N/A,system,False
2026-02-03T07:26:18.825038,claude-3-5-haiku-20241022,claude,general,283,58,0,0,341,0.001719,N/A,system,False
2026-02-03T07:26:18.825180,claude-3-5-haiku-20241022,claude,general,283,58,0,0,341,0.001719,N/A,system,False
2026-02-03T07:26:22.307183,claude-3-5-haiku-20241022,claude,general,290,55,0,0,345,0.001695,N/A,system,False
2026-02-03T07:26:22.308020,claude-3-5-haiku-20241022,claude,general,290,55,0,0,345,0.001695,N/A,system,False
2026-02-03T07:26:29.443233,claude-3-5-haiku-20241022,claude,general,339,397,0,0,736,0.006972,N/A,system,False
2026-02-03T07:26:29.443499,claude-3-5-haiku-20241022,claude,general,339,397,0,0,736,0.006972,N/A,system,False
2026-02-03T07:26:35.384566,claude-3-5-haiku-20241022,claude,general,285,44,0,0,329,0.001515,N/A,system,False
2026-02-03T07:26:35.385251,claude-3-5-haiku-20241022,claude,general,285,44,0,0,329,0.001515,N/A,system,False
2026-02-03T07:26:42.421520,claude-3-5-haiku-20241022,claude,general,339,362,0,0,701,0.006447,N/A,system,False
2026-02-03T07:26:42.423596,claude-3-5-haiku-20241022,claude,general,339,362,0,0,701,0.006447,N/A,system,False
2026-02-03T07:26:49.255848,claude-3-5-haiku-20241022,claude,general,282,56,0,0,338,0.001686,N/A,system,False
2026-02-03T07:26:49.271675,claude-3-5-haiku-20241022,claude,general,282,56,0,0,338,0.001686,N/A,system,False
2026-02-03T07:27:20.083889,claude-3-5-haiku-20241022,claude,general,1286,125,0,0,1411,0.005733,N/A,system,False
2026-02-03T07:27:20.084492,claude-3-5-haiku-20241022,claude,general,1286,125,0,0,1411,0.005733,N/A,system,False
2026-02-03T07:27:26.364375,claude-3-5-haiku-20241022,claude,general,1452,237,0,0,1689,0.007911,N/A,system,False
2026-02-03T07:27:26.365464,claude-3-5-haiku-20241022,claude,general,1452,237,0,0,1689,0.007911,N/A,system,False
2026-02-03T07:29:36.391349,claude-3-5-haiku-20241022,claude,general,334,318,0,0,652,0.005772,N/A,system,False
2026-02-03T07:29:36.396231,claude-3-5-haiku-20241022,claude,general,334,318,0,0,652,0.005772,N/A,system,False
2026-02-03T07:29:56.336729,claude-3-5-haiku-20241022,claude,general,316,257,0,0,573,0.004803,N/A,system,False
2026-02-03T07:29:56.337239,claude-3-5-haiku-20241022,claude,general,316,257,0,0,573,0.004803,N/A,system,False
2026-02-03T07:29:58.673297,claude-3-5-haiku-20241022,claude,general,284,47,0,0,331,0.001557,N/A,system,False
2026-02-03T07:29:58.673611,claude-3-5-haiku-20241022,claude,general,284,47,0,0,331,0.001557,N/A,system,False
2026-02-03T07:33:32.599979,claude-3-5-haiku-20241022,claude,general,284,54,0,0,338,0.001662,N/A,system,False
2026-02-03T07:33:32.604658,claude-3-5-haiku-20241022,claude,general,284,54,0,0,338,0.001662,N/A,system,False
2026-02-03T07:33:50.942906,claude-3-5-haiku-20241022,claude,general,334,328,0,0,662,0.005922,N/A,system,False
2026-02-03T07:33:50.943263,claude-3-5-haiku-20241022,claude,general,334,328,0,0,662,0.005922,N/A,system,False
2026-02-03T07:34:00.680070,claude-3-5-haiku-20241022,claude,general,316,266,0,0,582,0.004938,N/A,system,False
2026-02-03T07:34:00.680618,claude-3-5-haiku-20241022,claude,general,316,266,0,0,582,0.004938,N/A,system,False
