File,Description,Key_Insight
01_real_estate_ai_pricing_comparison.csv,21 real estate AI platforms with monthly pricing,Market pricing $25-999/month; Jorge's $797 base is competitive
02_performance_based_pricing_models.csv,6 performance-based compensation models,Hybrid model balances risk and reward
03_roi_metrics_and_benchmarks.csv,9 key ROI metrics and benchmarks,Jorge's 87% efficiency = $8-18K monthly value
04_agent_technology_spending_patterns.csv,Agent technology spending segmentation,24% of agents spend $500+/month on tech
05_ai_implementation_costs.csv,12 AI development cost components,Multi-agent systems cost $80-200K to develop
06_contract_terms_comparison.csv,Contract terms across industry standards,99.5% uptime + 60-day data export recommended
07_jorge_system_value_breakdown.csv,10 components of Jorge's system value,"System total value: $3,292/month (aligned with $2,726)"
08_jorge_pricing_frameworks.csv,5 pricing frameworks with scenarios,Recommended: $797/month + 2% of deals
09_jorge_roi_justification.csv,ROI analysis across 3 scenarios,"Conservative ROI: 1,720% monthly (18.2x annual)"
10_jorge_contract_recommendations.csv,19 recommended contract elements,Pilot + data ownership + liability protection essential
